Order_ID,Gender_Category,Product_Line,Product_Name,Size,Units_Sold,MRP,Discount_Applied,Revenue,Order_Date,Sales_Channel,Region,Profit
2000,Kids,Training,"SuperRep Go",M,NULL,,0.47,0,2024-03-09,Online,Bangalore,-770.45
2001,Women,Soccer,"Tiempo Legend",M,3.0,4957.93,,0,2024-07-09,Retail,Hyderabad,-112.53
2002,Women,Soccer,"Premier III",M,4.0,,,0,NULL,Retail,Mumbai,3337.34
2003,Kids,Lifestyle,"Blazer Mid",L,NULL,9673.57,,0,2024-10-04,Online,Pune,3376.85
2004,Kids,Running,"React Infinity",XL,NULL,,,0,2024-09-12,Retail,Delhi,187.89
2005,Women,Training,"Flex Trainer",M,1.0,7363.96,,0,NULL,Retail,Delhi,1415.98
2006,Men,Training,"SuperRep Go",M,NULL,6819.78,,0,2025-06-04,Online,Bangalore,1802.09
2007,Kids,Training,"SuperRep Go",M,1.0,,0.32,0,NULL,Retail,Bangalore,2928.36
2009,Men,Soccer,"Mercurial Superfly",M,4.0,,,0,NULL,Online,Pune,3929.61
2010,Kids,Lifestyle,"Waffle One",L,1.0,7949.83,,0,2025-01-16,Online,Pune,1965.56
2013,Kids,Training,"SuperRep Go",,NULL,9671.05,,0,2024-09-19,Online,Hyderabad,299.34
2014,Women,Running,"React Infinity",11,NULL,,,0,2025-04-12,Online,Bangalore,-1044.4
2015,Kids,Basketball,"Air Jordan",,NULL,3285.52,,0,2025-05-31,Retail,Kolkata,1193.21
2016,Women,Basketball,"Air Jordan",M,1.0,9871.75,0.3,6910.22,NULL,Retail,Hyderabad,2452.69
2017,Women,Basketball,"Air Jordan",9,4.0,,,0,2025-03-17,Retail,Delhi,1946.24
2018,Men,Training,"Metcon 7",XL,0.0,,1.17,0,NULL,Online,Bangalore,-966.89
2019,Kids,Running,"Air Zoom",6,0.0,3424.06,0.32,0,2025-01-17,Online,Hyderabad,1915.24
2022,Women,Soccer,"Premier III",M,NULL,,,0,2024-09-24,Online,Pune,3427.16
2023,Men,Lifestyle,"Waffle One",M,NULL,5003.95,,0,2025-01-10,Online,Mumbai,1498.37
2024,Kids,Training,"SuperRep Go",XL,0.0,,0.5,0,2024-12-28,Retail,Bangalore,1842.35
2025,Women,Basketball,"Kyrie Flytrap",M,3.0,9820.5,,0,NULL,Retail,Mumbai,1900.15
2026,Kids,Lifestyle,"Blazer Mid",XL,1.0,,0.16,0,2024-08-10,Retail,Kolkata,2301.64
2027,Men,Basketball,"Zoom Freak",XL,NULL,,0.22,0,NULL,Online,Pune,-138.74
2028,Men,Training,"Flex Trainer",12,NULL,3270.23,,0,NULL,Retail,Delhi,-946.86
2029,Men,Training,"ZoomX Invincible",12,0.0,,,0,2023-10-28,Online,Bangalore,-185.67
2030,Men,Soccer,"Phantom GT",XL,NULL,,1.05,0,2025-07-14,Retail,Hyderabad,-122.93
2031,Men,Soccer,"Premier III",,4.0,3493.04,0.82,2514.99,2024-05-09,Online,Delhi,350.7
2032,Women,Lifestyle,"Blazer Mid",XL,1.0,,1.07,0,2025-04-11,Retail,Mumbai,-555.16
2034,Men,Basketball,"Air Jordan",6,NULL,6235.71,,0,2025-04-30,Retail,Delhi,-267.37
2035,Kids,Basketball,"Zoom Freak",,4.0,,0.38,0,2024-11-17,Online,Bangalore,2914.83
2036,Men,Training,"Metcon 7",,3.0,,,0,2025-02-15,Retail,Bangalore,-143.8
2037,Kids,Running,"Pegasus Turbo",7,3.0,5653.14,1.01,-169.59,NULL,Retail,Pune,2776.96
2038,Kids,Running,"Free RN",,0.0,,0.83,0,NULL,Online,Delhi,1163.21
2039,Women,Training,"Flex Trainer",M,NULL,2767.7,0.63,0,2025-04-22,Retail,Hyderabad,-336.3
2002,Women,Basketball,"Zoom Freak",XL,3.0,5075.22,,0,2025-03-07,Retail,Delhi,145.08
2041,Kids,Soccer,"Tiempo Legend",12,NULL,5553.88,,0,2025-03-05,Online,Hyderabad,2371.66
2042,Women,Basketball,"Kyrie Flytrap",L,NULL,,,0,2025-04-19,Online,Hyderabad,-862.16
2043,Men,Soccer,"Premier III",XL,NULL,3492.89,0.77,0,2024-05-02,Retail,Delhi,3770.75
2044,Kids,Training,"SuperRep Go",,NULL,,,0,2023-09-06,Online,Delhi,2174.71
2045,Kids,Lifestyle,"Dunk Low",XL,4.0,,,0,2025-04-06,Retail,Delhi,1833.94
2046,Kids,Running,"Air Zoom",12,NULL,,1.04,0,NULL,Online,Kolkata,1284.33
2047,Women,Training,"SuperRep Go",10,1.0,8577.75,,0,2024-06-13,Retail,Bangalore,2888.68
2048,Women,Basketball,"Air Jordan",XL,NULL,,,0,2024-10-27,Online,Bangalore,2875.86
2049,Kids,Soccer,"Tiempo Legend",L,1.0,7767.2,,0,NULL,Retail,Pune,311.48
2050,Men,Running,"Air Zoom",L,1.0,,0.57,0,NULL,Retail,Kolkata,682.12
2051,Women,Basketball,"Air Jordan",XL,NULL,,0.37,0,2024-01-05,Retail,Delhi,3135.98
2052,Men,Training,"Flex Trainer",10,3.0,9155.96,,0,2024-10-08,Retail,Pune,2184.8
2053,Men,Lifestyle,"Air Force 1",XL,3.0,6009.58,,0,2024-10-02,Online,Delhi,3384.92
2055,Men,Basketball,"Kyrie Flytrap",L,NULL,,,0,2024-10-26,Online,Hyderabad,-1078.76
2056,Men,Running,"React Infinity",L,3.0,,,0,2024-05-31,Retail,Bangalore,-244.44
2048,Men,Lifestyle,"Waffle One",M,3.0,6216.29,0.94,1118.93,2024-09-14,Online,Mumbai,-642.02
2058,Women,Training,"Flex Trainer",11,NULL,4985.92,,0,NULL,Online,Kolkata,361.54
2060,Men,Lifestyle,"Waffle One",L,2.0,7979.26,,0,2024-07-11,Online,Bangalore,2821.59
2061,Women,Basketball,"LeBron 20",L,NULL,,,0,2024-09-10,Online,Mumbai,-501.68
2062,Men,Basketball,"Air Jordan",,2.0,,,0,2025-06-06,Online,Bangalore,1823.91
2063,Women,Basketball,"Air Jordan",M,1.0,9751.0,0.16,8190.84,2024-09-06,Retail,Pune,1130.31
2064,Kids,Running,"React Infinity",L,2.0,7557.71,,0,2025-03-02,Online,Bangalore,3277.44
2065,Women,Lifestyle,"Waffle One",10,NULL,,0.78,0,2024-02-11,Retail,Hyderabad,21.58
2067,Kids,Basketball,"LeBron 20",L,4.0,3588.38,,0,2025-05-06,Online,Kolkata,161.5
2068,Men,Running,"Free RN",,4.0,2553.29,,0,2024-12-05,Retail,Mumbai,984.9
2069,Women,Training,"SuperRep Go",,NULL,7502.24,,0,2025-07-14,Online,Pune,3554.58
2070,Kids,Running,"React Infinity",L,NULL,,,0,NULL,Retail,Mumbai,1112.43
2071,Kids,Lifestyle,"Blazer Mid",M,3.0,7849.81,0.49,12010.21,2025-01-12,Retail,Pune,-882.96
2072,Men,Training,"Flex Trainer",,3.0,,,0,NULL,Retail,Pune,3639.2
2073,Women,Lifestyle,"Blazer Mid",12,4.0,,0.85,0,2024-11-03,Online,Hyderabad,443.86
2075,Kids,Basketball,"Air Jordan",L,4.0,4251.74,,0,2025-07-14,Online,Pune,2345.35
2076,Women,Training,"ZoomX Invincible",11,NULL,,,0,2024-10-13,Retail,Bangalore,2011.25
2077,Men,Training,"ZoomX Invincible",L,NULL,,,0,2023-11-21,Online,Pune,3332.66
2078,Women,Basketball,"LeBron 20",,0.0,6970.47,,0,NULL,Online,Mumbai,262.79
2080,Men,Lifestyle,"Blazer Mid",L,NULL,,,0,2025-03-31,Online,Bangalore,-1005.89
2081,Men,Training,"ZoomX Invincible",L,NULL,,,0,NULL,Online,Mumbai,2810.49
2083,Men,Running,"Free RN",,NULL,9291.74,,0,2024-10-14,Retail,Delhi,-981.21
2084,Men,Training,"Metcon 7",M,2.0,,,0,2023-12-24,Online,Mumbai,408.39
2085,Men,Basketball,"Kyrie Flytrap",,NULL,7561.85,,0,2024-12-17,Retail,Kolkata,98.72
2086,Men,Soccer,"Mercurial Superfly",L,0.0,,0.45,0,2024-10-11,Online,Kolkata,1742.66
2087,Kids,Basketball,"Zoom Freak",,NULL,4656.28,,0,2024-11-01,Online,Kolkata,3777.5
2088,Women,Running,"Free RN",XL,4.0,,,0,2025-04-26,Online,Bangalore,2702.93
2089,Women,Training,"Flex Trainer",L,2.0,6874.77,0.6,5499.82,2024-12-02,Online,Mumbai,-1076.66
2090,Kids,Lifestyle,"Dunk Low",8,NULL,,,0,NULL,Retail,Bangalore,163.15
2091,Kids,Running,"Air Zoom",11,NULL,9246.88,,0,NULL,Retail,Mumbai,1917.55
2092,Kids,Basketball,"Zoom Freak",XL,2.0,,1.13,0,NULL,Online,Delhi,207.2
2093,Men,Running,"Free RN",XL,0.0,,0.29,0,NULL,Online,Kolkata,-146.73
2094,Kids,Training,"Flex Trainer",10,1.0,4276.36,,0,2024-11-10,Retail,Delhi,2974.58
2095,Men,Lifestyle,"Waffle One",M,NULL,,,0,2024-10-16,Online,Delhi,880.57
2096,Men,Running,"Pegasus Turbo",XL,2.0,,,0,2024-12-24,Online,Kolkata,288.66
2097,Women,Training,"ZoomX Invincible",XL,NULL,7978.89,,0,NULL,Online,Bangalore,769.05
2098,Men,Training,"ZoomX Invincible",L,NULL,5690.69,0.69,0,2024-01-24,Online,Hyderabad,98.3
2099,Kids,Soccer,"Mercurial Superfly",M,2.0,,0.32,0,2025-02-01,Retail,Mumbai,360.97
2100,Kids,Soccer,"Phantom GT",8,1.0,5937.52,,0,2025-07-11,Retail,Mumbai,2287.57
2101,Kids,Running,"Free RN",XL,NULL,2010.07,,0,2025-07-03,Online,Hyderabad,3398.01
2104,Men,Basketball,"Kyrie Flytrap",,NULL,,,0,NULL,Retail,Delhi,2905.91
2105,Kids,Training,"Metcon 7",,2.0,5744.7,,0,2024-11-17,Retail,Mumbai,1716.04
2106,Women,Running,"Free RN",,NULL,,,0,NULL,Retail,Bangalore,76.95
2107,Women,Running,"React Infinity",M,4.0,,,0,2024-08-30,Online,Hyderabad,-184.69
2108,Kids,Lifestyle,"Air Force 1",XL,NULL,,0.27,0,2024-11-15,Retail,Mumbai,-338.77
2109,Kids,Basketball,"Zoom Freak",M,0.0,,,0,2025-01-29,Retail,Kolkata,3791.88
2110,Kids,Running,"Air Zoom",12,1.0,,0.42,0,2024-12-25,Retail,Pune,-259.29
2111,Men,Lifestyle,"Waffle One",,NULL,,1.14,0,2024-11-21,Retail,Bangalore,1326.67
2112,Women,Training,"Metcon 7",,NULL,2201.54,,0,NULL,Retail,Bangalore,697.42
2113,Women,Basketball,"Air Jordan",XL,NULL,3939.34,,0,2023-12-19,Retail,Pune,2918.93
2114,Women,Training,"Flex Trainer",XL,1.0,3167.33,0.53,1488.65,NULL,Retail,Pune,1567.37
2115,Kids,Soccer,"Phantom GT",6,2.0,7607.45,,0,NULL,Online,Kolkata,1969.03
2116,Women,Basketball,"LeBron 20",,NULL,4038.32,1.13,0,2024-08-27,Online,Hyderabad,2088.55
2117,Women,Training,"SuperRep Go",L,0.0,7645.96,,0,2024-10-30,Online,Pune,2037.43
2118,Kids,Basketball,"Zoom Freak",XL,2.0,8426.54,,0,2023-09-21,Online,Hyderabad,2696.85
2120,Men,Soccer,"Phantom GT",12,NULL,,,0,2024-12-14,Retail,Pune,-328
2122,Kids,Soccer,"Mercurial Superfly",,0.0,,,0,NULL,Retail,Bangalore,1078.48
2123,Men,Running,"Air Zoom",L,NULL,,,0,2024-09-15,Retail,Hyderabad,2195.52
2124,Kids,Basketball,"Kyrie Flytrap",L,NULL,6436.11,1.24,0,2025-07-04,Online,Kolkata,432.04
2125,Women,Soccer,"Tiempo Legend",M,NULL,,,0,2024-12-10,Retail,Hyderabad,1051.22
2128,Women,Basketball,"LeBron 20",L,NULL,8750.71,,0,NULL,Retail,Bangalore,1411.29
2129,Men,Basketball,"Zoom Freak",9,NULL,,,0,NULL,Retail,Delhi,841.4
2130,Men,Soccer,"Premier III",10,3.0,,0.24,0,2024-09-14,Online,Bangalore,2962.75
2131,Kids,Running,"Free RN",XL,NULL,5561.82,,0,NULL,Retail,Mumbai,2227.48
2132,Men,Running,"Free RN",L,2.0,,,0,NULL,Online,Delhi,3882.22
2133,Men,Training,"Metcon 7",XL,NULL,6789.53,,0,2024-10-10,Retail,Pune,-166.81
2134,Men,Training,"ZoomX Invincible",M,NULL,4738.62,,0,2024-08-06,Online,Hyderabad,1009.28
2135,Men,Basketball,"Zoom Freak",L,2.0,9106.61,0.74,4735.44,2024-11-03,Retail,Hyderabad,2422.38
2136,Kids,Training,"ZoomX Invincible",L,1.0,,,0,2024-09-15,Online,Pune,3672.24
2137,Men,Soccer,"Phantom GT",,0.0,5222.02,0.95,0,2025-01-12,Online,Delhi,1796.76
2138,Men,Running,"Pegasus Turbo",11,2.0,8055.2,,0,2025-06-14,Online,Mumbai,1840.09
2139,Women,Basketball,"Air Jordan",M,NULL,,,0,2025-06-19,Retail,Mumbai,-334.52
2140,Men,Basketball,"Zoom Freak",M,NULL,6765.74,,0,2025-04-28,Online,Bangalore,-875.45
2141,Kids,Soccer,"Tiempo Legend",,NULL,,1.1,0,2023-11-22,Retail,Kolkata,-1032.47
2142,Kids,Soccer,"Mercurial Superfly",,NULL,,,0,2024-10-03,Retail,Kolkata,-995.59
2144,Women,Lifestyle,"Waffle One",,4.0,,,0,2025-03-30,Online,Kolkata,2385.1
2145,Men,Lifestyle,"Blazer Mid",6,0.0,,0.67,0,2024-07-30,Online,Bangalore,1335.45
2146,Kids,Basketball,"Air Jordan",XL,NULL,,1.12,0,2025-02-15,Retail,Mumbai,-908.85
2148,Men,Basketball,"Kyrie Flytrap",,NULL,,,0,2025-06-19,Online,Hyderabad,520.55
2149,Women,Running,"Pegasus Turbo",,NULL,,,0,2025-05-20,Online,Kolkata,-595.69
2150,Women,Basketball,"LeBron 20",M,2.0,3313.21,0.48,3445.74,2025-07-06,Online,Bangalore,3221.62
2151,Kids,Soccer,"Tiempo Legend",L,4.0,5619.75,,0,2025-05-27,Online,Bangalore,2000.85
2152,Women,Running,"Free RN",8,NULL,,,0,NULL,Online,Bangalore,3819.41
2153,Men,Running,"React Infinity",,0.0,,0.09,0,2024-08-18,Retail,Pune,1246.58
2154,Kids,Lifestyle,"Blazer Mid",XL,NULL,2963.16,,0,2025-04-01,Online,Bangalore,2381.85
2155,Men,Soccer,"Phantom GT",,3.0,,,0,NULL,Online,Hyderabad,1475.15
2156,Men,Soccer,"Tiempo Legend",M,0.0,,,0,2024-08-31,Online,Pune,-286.07
2157,Kids,Soccer,"Premier III",,1.0,,,0,2025-04-29,Online,Delhi,-701.01
2159,Women,Training,"ZoomX Invincible",XL,2.0,3987.65,,0,NULL,Retail,Delhi,2781.72
2160,Kids,Running,"Air Zoom",XL,NULL,,,0,2025-03-01,Retail,Mumbai,3744.91
2161,Kids,Lifestyle,"Waffle One",M,0.0,5119.41,0.8,0,NULL,Online,Pune,1956.8
2162,Men,Lifestyle,"Blazer Mid",8,NULL,7662.11,,0,NULL,Online,Mumbai,2398.55
2163,Men,Lifestyle,"Dunk Low",7,NULL,,1.24,0,2025-03-06,Retail,Hyderabad,3344.98
2164,Women,Soccer,"Mercurial Superfly",8,0.0,,0.95,0,2024-10-23,Online,Pune,-872.9
2165,Kids,Training,"SuperRep Go",L,4.0,4577.65,,0,2024-11-11,Retail,Kolkata,2460.19
2166,Women,Lifestyle,"Air Force 1",M,NULL,7312.38,,0,2025-02-01,Online,Mumbai,3364.05
2167,Men,Running,"React Infinity",XL,3.0,3055.79,,0,NULL,Retail,Mumbai,1259.58
2168,Women,Running,"Pegasus Turbo",,NULL,,0.85,0,2024-08-01,Retail,Kolkata,3011.49
2169,Kids,Training,"Flex Trainer",,4.0,4046.05,0.01,16022.36,2024-12-14,Retail,Delhi,1057.58
2170,Kids,Lifestyle,"Air Force 1",M,0.0,,,0,2025-06-28,Online,Kolkata,3218.82
2022,Women,Lifestyle,"Air Force 1",L,NULL,9378.52,1.06,0,2023-10-29,Retail,Mumbai,128.92
2172,Women,Training,"ZoomX Invincible",M,NULL,7988.99,1.2,0,2024-12-17,Online,Bangalore,-909.86
2174,Women,Soccer,"Phantom GT",L,NULL,3883.92,,0,NULL,Retail,Pune,428.5
2175,Women,Lifestyle,"Blazer Mid",,NULL,,1.16,0,NULL,Online,Pune,2457.78
2176,Men,Soccer,"Mercurial Superfly",,4.0,,,0,2025-01-04,Online,Bangalore,3908.28
2177,Women,Lifestyle,"Waffle One",XL,NULL,,,0,2025-06-27,Retail,Mumbai,885.37
2178,Men,Running,"Free RN",,1.0,,,0,2024-10-28,Retail,Bangalore,-983.37
2179,Women,Training,"ZoomX Invincible",M,3.0,,,0,2024-01-26,Retail,Pune,3135.92
2180,Women,Basketball,"LeBron 20",XL,NULL,,,0,2024-05-15,Online,Pune,2189.84
2181,Women,Lifestyle,"Air Force 1",XL,2.0,,,0,2025-01-06,Retail,Delhi,419.58
2182,Kids,Basketball,"Zoom Freak",11,NULL,7214.55,,0,NULL,Online,Mumbai,-662.77
2183,Kids,Lifestyle,"Waffle One",M,NULL,5389.56,,0,NULL,Online,Pune,2927.93
2184,Men,Soccer,"Mercurial Superfly",XL,4.0,,,0,NULL,Retail,Hyderabad,1980.73
2185,Women,Training,"ZoomX Invincible",XL,4.0,4207.44,0.59,6900.2,2025-06-08,Online,Kolkata,-615.48
2186,Men,Running,"React Infinity",,0.0,,,0,NULL,Retail,Bangalore,540.83
2187,Men,Running,"React Infinity",L,NULL,7795.32,,0,2024-11-09,Online,Mumbai,2402.99
2189,Men,Training,"SuperRep Go",L,3.0,,0.9,0,2024-10-02,Online,Hyderabad,3628.46
2190,Kids,Basketball,"Kyrie Flytrap",L,NULL,4280.01,0.66,0,NULL,Online,Delhi,1949.77
2191,Men,Lifestyle,"Air Force 1",8,3.0,,,0,2024-09-28,Retail,Pune,-1032.88
2194,Men,Soccer,"Mercurial Superfly",M,NULL,6196.01,,0,2024-10-27,Online,Hyderabad,926.03
2195,Women,Training,"SuperRep Go",,NULL,,0.51,0,NULL,Online,Delhi,1041.81
2196,Kids,Soccer,"Premier III",L,2.0,2708.73,,0,2025-06-30,Online,Delhi,925.63
2197,Kids,Training,"ZoomX Invincible",L,3.0,,,0,2024-10-06,Online,Bangalore,-418.5
2198,Men,Training,"SuperRep Go",7,4.0,,0.65,0,2025-01-05,Online,Pune,-169.33
2199,Men,Soccer,"Premier III",M,1.0,,,0,NULL,Retail,Kolkata,389.94
2200,Men,Basketball,"Air Jordan",9,3.0,5570.72,,0,NULL,Online,Delhi,1513.76
2201,Women,Training,"SuperRep Go",11,NULL,,,0,2024-05-10,Online,Mumbai,1403.56
2203,Men,Lifestyle,"Air Force 1",M,0.0,6903.22,,0,NULL,Online,Pune,1556.95
2204,Men,Basketball,"LeBron 20",7,NULL,7660.41,,0,2025-05-17,Online,Delhi,2076.75
2205,Women,Running,"React Infinity",XL,0.0,,,0,2025-04-24,Retail,Pune,-467.52
2206,Men,Training,"Flex Trainer",M,2.0,,,0,NULL,Online,Delhi,-524.85
2207,Women,Running,"Pegasus Turbo",XL,NULL,,,0,NULL,Online,Hyderabad,2101.41
2208,Women,Basketball,"LeBron 20",M,NULL,5172.62,0.97,0,NULL,Retail,Hyderabad,-1074.04
2209,Kids,Training,"SuperRep Go",,NULL,,,0,2024-09-01,Retail,Hyderabad,1956.7
2210,Men,Lifestyle,"Blazer Mid",XL,NULL,,,0,2024-08-09,Retail,Kolkata,701.02
2000,Kids,Training,"Metcon 7",,4.0,,0.94,0,2024-02-27,Retail,Bangalore,2372.82
2212,Women,Lifestyle,"Blazer Mid",L,NULL,7670.82,,0,2024-09-23,Online,Kolkata,-87.95
2213,Women,Running,"Air Zoom",9,NULL,5714.92,,0,NULL,Online,Delhi,3741.14
2214,Men,Basketball,"LeBron 20",XL,2.0,5016.03,,0,NULL,Retail,Mumbai,1446
2215,Men,Basketball,"Zoom Freak",XL,3.0,,0.36,0,2024-12-16,Online,Kolkata,3254.06
2216,Women,Lifestyle,"Air Force 1",M,1.0,3111.62,,0,NULL,Online,Hyderabad,2617.56
2217,Women,Lifestyle,"Waffle One",L,NULL,,,0,2025-04-15,Retail,Delhi,2190.84
2218,Kids,Soccer,"Premier III",6,2.0,,,0,NULL,Online,Bangalore,1440.02
2220,Kids,Training,"SuperRep Go",M,NULL,,,0,2024-09-09,Online,Kolkata,890.14
2221,Kids,Lifestyle,"Waffle One",L,2.0,3375.97,,0,2024-01-06,Retail,Mumbai,-297.05
2222,Men,Training,"ZoomX Invincible",XL,2.0,8897.19,0.11,15837,2024-12-21,Retail,Mumbai,2821.69
2225,Kids,Basketball,"Kyrie Flytrap",11,NULL,,,0,NULL,Retail,Hyderabad,1136.63
2226,Women,Basketball,"Zoom Freak",,NULL,,0.31,0,2025-06-28,Online,Delhi,-131.04
2021,Men,Running,"React Infinity",XL,NULL,2180.71,0.82,0,NULL,Retail,Hyderabad,2277.63
2228,Kids,Basketball,"Zoom Freak",,NULL,9382.15,,0,2024-08-22,Online,Kolkata,-127.34
2229,Men,Running,"Air Zoom",XL,NULL,7143.23,,0,2025-03-26,Retail,Mumbai,3284.36
2230,Kids,Lifestyle,"Dunk Low",10,NULL,,,0,NULL,Online,Bangalore,781.56
2231,Kids,Training,"Flex Trainer",9,0.0,,1.05,0,2025-01-04,Online,Bangalore,-39.48
2232,Women,Running,"Free RN",XL,NULL,2149.28,0.32,0,2024-11-17,Online,Kolkata,2409.87
2233,Men,Lifestyle,"Air Force 1",XL,0.0,,,0,NULL,Online,Kolkata,2398.07
2234,Men,Training,"Flex Trainer",,4.0,6189.1,1.12,-2970.77,2024-12-21,Retail,Bangalore,2085.62
2042,Men,Basketball,"Kyrie Flytrap",10,1.0,5254.47,,0,2025-02-26,Retail,Bangalore,2459.63
2236,Men,Soccer,"Mercurial Superfly",M,NULL,,,0,NULL,Online,Delhi,880.62
2237,Kids,Training,"Metcon 7",M,NULL,5089.88,,0,2025-06-26,Online,Mumbai,-238.18
2238,Kids,Training,"SuperRep Go",,3.0,4348.86,,0,NULL,Online,Delhi,662.02
2239,Men,Training,"SuperRep Go",XL,NULL,,,0,2024-08-04,Online,Kolkata,1750.71
2240,Kids,Basketball,"Air Jordan",M,NULL,9520.5,0.48,0,2025-01-22,Retail,Kolkata,-928.85
2241,Women,Soccer,"Tiempo Legend",12,NULL,9662.04,,0,2025-02-19,Online,Hyderabad,-233.74
2243,Men,Lifestyle,"Blazer Mid",L,NULL,9747.58,,0,2024-11-07,Retail,Delhi,266.31
2244,Kids,Training,"Metcon 7",L,2.0,,,0,NULL,Online,Delhi,1904.11
2245,Kids,Running,"React Infinity",,NULL,4128.35,,0,2025-04-16,Online,Pune,-290.33
2247,Women,Training,"Metcon 7",,NULL,,,0,2024-08-16,Online,Mumbai,-1158.15
2248,Men,Training,"Metcon 7",M,4.0,8249.96,0.24,25079.88,2024-01-16,Online,Bangalore,1625.14
2249,Men,Training,"Flex Trainer",M,NULL,7730.77,,0,2024-05-28,Online,Delhi,-692.94
2250,Men,Basketball,"Kyrie Flytrap",XL,NULL,,,0,2024-10-01,Retail,Pune,821.13
2046,Men,Basketball,"Air Jordan",,2.0,9593.65,,0,2025-01-11,Online,Hyderabad,1592.5
2252,Women,Running,"Free RN",L,NULL,,,0,NULL,Retail,Delhi,934.87
2253,Men,Training,"Flex Trainer",M,0.0,,,0,2025-05-18,Online,Bangalore,1516.72
2254,Women,Basketball,"LeBron 20",M,NULL,,0.89,0,2025-04-24,Online,Hyderabad,1642
2255,Kids,Basketball,"LeBron 20",XL,NULL,2222.55,0.84,0,2025-04-06,Retail,Mumbai,586.56
2256,Men,Soccer,"Phantom GT",,NULL,,,0,2025-03-30,Online,Hyderabad,3175.83
2257,Men,Basketball,"Kyrie Flytrap",XL,1.0,,,0,2025-02-09,Online,Mumbai,-365.42
2258,Women,Lifestyle,"Dunk Low",L,NULL,,0.39,0,2023-11-21,Online,Mumbai,2824.7
2259,Women,Soccer,"Mercurial Superfly",M,NULL,,,0,2024-10-20,Retail,Delhi,2323.89
2260,Women,Lifestyle,"Dunk Low",M,2.0,,,0,2024-12-12,Retail,Pune,-352.18
2261,Women,Training,"ZoomX Invincible",,NULL,2503.6,0.54,0,2024-10-04,Retail,Pune,1574.74
2262,Women,Running,"Pegasus Turbo",L,0.0,,,0,2024-09-15,Retail,Pune,3146.93
2263,Women,Soccer,"Premier III",M,0.0,5172.14,,0,2024-10-08,Online,Kolkata,2510.55
2264,Men,Training,"ZoomX Invincible",,4.0,5622.32,1.08,-1799.14,2024-04-22,Retail,Bangalore,1248.25
2265,Women,Soccer,"Premier III",7,NULL,2422.97,,0,2024-11-23,Retail,Delhi,-67.74
2266,Women,Basketball,"LeBron 20",L,NULL,,,0,2025-07-19,Retail,Kolkata,3475.59
2268,Men,Soccer,"Mercurial Superfly",M,3.0,7330.81,,0,2023-11-16,Online,Kolkata,518.71
2269,Women,Training,"ZoomX Invincible",11,4.0,6424.32,,0,2024-07-14,Retail,Mumbai,-405.26
2270,Men,Running,"React Infinity",XL,1.0,,1.03,0,2025-06-06,Retail,Pune,3088.25
2271,Kids,Lifestyle,"Waffle One",9,NULL,5116.58,0.07,0,2024-05-03,Retail,Delhi,1293.94
2038,Women,Training,"ZoomX Invincible",XL,1.0,7338.57,,0,2024-10-21,Retail,Delhi,3680.24
2274,Women,Training,"Metcon 7",6,4.0,,0.45,0,2025-06-13,Online,Bangalore,2561.89
2277,Kids,Basketball,"LeBron 20",M,NULL,3682.84,,0,2024-12-28,Online,Hyderabad,3967.77
2278,Men,Training,"SuperRep Go",11,NULL,,1.22,0,2025-03-07,Retail,Pune,3638.15
2279,Women,Lifestyle,"Blazer Mid",6,NULL,,,0,2024-08-03,Retail,Mumbai,766.72
2281,Kids,Lifestyle,"Waffle One",M,2.0,,,0,2025-07-13,Retail,Kolkata,1753.48
2282,Men,Running,"Free RN",,NULL,,0.26,0,2024-11-14,Retail,Mumbai,-1002.46
2283,Men,Soccer,"Mercurial Superfly",10,1.0,,,0,2024-08-21,Retail,Delhi,468.59
2284,Kids,Soccer,"Mercurial Superfly",M,NULL,,0.53,0,2024-10-08,Online,Kolkata,1370.01
2286,Women,Lifestyle,"Waffle One",,NULL,,,0,2024-10-16,Online,Bangalore,2419.09
2287,Women,Running,"React Infinity",9,3.0,,,0,NULL,Online,Mumbai,-650.68
2288,Women,Training,"ZoomX Invincible",,NULL,,0.25,0,2024-08-24,Retail,Hyderabad,1570.91
2289,Women,Running,"Air Zoom",L,NULL,,0.51,0,NULL,Retail,Mumbai,3161.45
2290,Women,Training,"Flex Trainer",L,NULL,,,0,2024-10-20,Online,Kolkata,546.66
2292,Women,Running,"Free RN",M,2.0,,1.1,0,2024-11-05,Online,Kolkata,1192.5
2293,Women,Basketball,"Air Jordan",XL,3.0,,,0,2025-05-13,Retail,Mumbai,2525.87
2012,Women,Soccer,"Phantom GT",,NULL,,,0,2024-09-01,Retail,Hyderabad,-914.59
2295,Kids,Lifestyle,"Dunk Low",,NULL,,0.81,0,2025-06-17,Retail,Hyderabad,3901.16
2296,Women,Soccer,"Phantom GT",,NULL,,,0,2024-08-15,Online,Delhi,-1188.86
2297,Kids,Basketball,"LeBron 20",M,NULL,6356.31,0.74,0,2024-12-31,Online,Pune,454.97
2298,Men,Training,"SuperRep Go",,NULL,5571.14,0.49,0,2025-06-11,Retail,Kolkata,3445.5
2299,Kids,Soccer,"Phantom GT",,2.0,,0.77,0,2025-05-09,Online,Hyderabad,2596.8
2300,Men,Basketball,"Air Jordan",L,3.0,6331.64,0.78,4178.88,2024-08-17,Retail,Delhi,3380.28
2301,Men,Soccer,"Mercurial Superfly",XL,NULL,7982.2,,0,2024-12-29,Online,Pune,-505.58
2302,Women,Running,"Air Zoom",XL,0.0,,,0,2025-02-27,Retail,Hyderabad,1489.99
2303,Kids,Running,"Free RN",L,2.0,2504.09,,0,2024-12-24,Retail,Hyderabad,2971.55
2304,Men,Training,"Flex Trainer",11,NULL,,,0,2024-11-28,Online,Hyderabad,2055.87
2305,Kids,Running,"Pegasus Turbo",L,NULL,4803.7,0.08,0,NULL,Retail,Mumbai,2794.61
2306,Kids,Basketball,"Air Jordan",,1.0,8267.56,0.29,5869.97,2024-11-10,Retail,Bangalore,476.25
2307,Women,Running,"Free RN",XL,2.0,9369.1,,0,2025-06-18,Retail,Kolkata,2390.7
2308,Men,Running,"Pegasus Turbo",,0.0,,0.65,0,2025-05-01,Online,Bangalore,2282.01
2004,Kids,Lifestyle,"Dunk Low",M,NULL,,0.6,0,2025-02-23,Retail,Bangalore,-276.83
2310,Men,Running,"Air Zoom",XL,NULL,,,0,2025-02-04,Online,Kolkata,-1061.45
2026,Women,Training,"Flex Trainer",M,4.0,,0.26,0,2024-09-25,Online,Delhi,495.62
2312,Kids,Soccer,"Premier III",,NULL,,,0,2024-09-30,Online,Bangalore,249.56
2313,Women,Training,"SuperRep Go",M,0.0,,,0,NULL,Online,Delhi,480.74
2314,Women,Soccer,"Mercurial Superfly",M,2.0,,0.86,0,2024-12-09,Retail,Mumbai,1505.11
2315,Men,Basketball,"Kyrie Flytrap",M,NULL,9149.88,0.71,0,2024-11-12,Retail,Hyderabad,143.06
2316,Men,Soccer,"Phantom GT",M,1.0,,0.39,0,NULL,Retail,Delhi,3862.6
2317,Men,Training,"Flex Trainer",M,NULL,9695.44,1.06,0,2024-09-13,Online,Kolkata,32.45
2318,Men,Soccer,"Phantom GT",11,2.0,,0.25,0,2025-04-04,Retail,Delhi,1894.17
2320,Kids,Running,"Pegasus Turbo",XL,NULL,4033.28,,0,2025-01-23,Retail,Hyderabad,1265.74
2321,Men,Lifestyle,"Dunk Low",8,NULL,,,0,2024-06-10,Online,Mumbai,-362.47
2322,Women,Running,"Pegasus Turbo",L,0.0,8016.24,,0,2025-04-07,Retail,Delhi,1333.86
2323,Men,Lifestyle,"Dunk Low",,NULL,6537.29,,0,2025-01-05,Online,Bangalore,-453.11
2324,Women,Soccer,"Mercurial Superfly",M,0.0,,0.21,0,2025-02-27,Online,Kolkata,2640.1
2325,Men,Basketball,"Zoom Freak",M,0.0,8031.83,0.56,0,2025-05-18,Online,Kolkata,3954.38
2326,Women,Lifestyle,"Dunk Low",XL,4.0,9936.94,,0,2024-12-10,Retail,Kolkata,2047.65
2327,Men,Training,"Flex Trainer",XL,4.0,6640.67,,0,2025-03-21,Retail,Delhi,3402.41
2328,Men,Lifestyle,"Waffle One",6,2.0,6449.46,0.29,9158.23,2024-11-09,Online,Mumbai,39.69
2329,Men,Basketball,"Kyrie Flytrap",L,4.0,4981.26,,0,2025-06-05,Online,Mumbai,1833.07
2330,Women,Training,"Flex Trainer",XL,NULL,,0.06,0,2024-10-22,Online,Mumbai,-648.08
2331,Kids,Basketball,"Kyrie Flytrap",L,NULL,9023.07,,0,2024-11-23,Retail,Mumbai,-304.92
2333,Kids,Running,"Free RN",,NULL,4638.25,,0,NULL,Online,Hyderabad,-614.06
2334,Women,Training,"SuperRep Go",L,4.0,,0.82,0,2024-06-06,Retail,Mumbai,-80.25
2335,Women,Running,"Free RN",XL,0.0,5620.64,,0,2024-01-05,Online,Mumbai,217.22
2336,Kids,Soccer,"Mercurial Superfly",8,4.0,8482.43,,0,2023-10-22,Online,Pune,3854.71
2337,Women,Training,"SuperRep Go",,NULL,,,0,2024-10-17,Online,Pune,3186.84
2338,Women,Soccer,"Premier III",XL,NULL,,,0,NULL,Retail,Delhi,3529.93
2339,Women,Basketball,"LeBron 20",L,4.0,,,0,NULL,Retail,Kolkata,3196.02
2340,Women,Running,"Free RN",7,3.0,,0.91,0,2024-08-07,Online,Mumbai,-425.99
2341,Women,Lifestyle,"Waffle One",11,NULL,,,0,2025-04-22,Online,Hyderabad,-280.18
2342,Women,Training,"Metcon 7",XL,NULL,,,0,2024-08-19,Retail,Kolkata,3463.09
2343,Women,Basketball,"Zoom Freak",,0.0,7507.91,,0,2024-11-22,Retail,Kolkata,1900.24
2345,Men,Running,"React Infinity",,0.0,,,0,2025-06-21,Retail,Hyderabad,3039.05
2346,Men,Soccer,"Phantom GT",7,NULL,6320.59,0.93,0,NULL,Retail,Mumbai,324.45
2347,Men,Training,"Flex Trainer",L,NULL,9653.35,,0,2024-09-21,Retail,Bangalore,3511.89
2348,Kids,Training,"Metcon 7",XL,NULL,6591.41,,0,2025-04-29,Retail,Delhi,2604.68
2349,Kids,Soccer,"Tiempo Legend",10,3.0,,,0,2023-10-25,Online,Delhi,-902.62
2350,Men,Running,"Air Zoom",,4.0,8228.88,,0,2025-03-21,Retail,Delhi,2494.5
2351,Men,Basketball,"LeBron 20",11,3.0,4179.34,,0,2024-07-29,Retail,Pune,2363.69
2352,Men,Basketball,"LeBron 20",M,NULL,,,0,2025-03-24,Online,Bangalore,599.21
2353,Kids,Training,"ZoomX Invincible",9,0.0,,0.22,0,2024-10-03,Retail,Bangalore,818.35
2354,Men,Basketball,"Kyrie Flytrap",L,0.0,,,0,2024-09-06,Online,Hyderabad,1445.09
2355,Women,Lifestyle,"Waffle One",L,1.0,,,0,2024-07-26,Retail,Bangalore,-887.83
2356,Men,Basketball,"Air Jordan",L,NULL,,,0,2025-02-17,Retail,Pune,543.26
2357,Women,Lifestyle,"Air Force 1",M,NULL,,1.23,0,2025-04-28,Retail,Bangalore,-1199.32
2358,Men,Basketball,"LeBron 20",M,4.0,,,0,2025-02-24,Online,Pune,1819.6
2360,Women,Training,"Metcon 7",XL,NULL,,0.85,0,2024-12-07,Online,Hyderabad,1947.5
2361,Kids,Training,"Flex Trainer",L,0.0,,1.06,0,2024-07-30,Retail,Mumbai,1302.98
2362,Women,Lifestyle,"Blazer Mid",XL,2.0,,1.04,0,2024-12-09,Online,Bangalore,3817.26
2363,Kids,Running,"Pegasus Turbo",XL,NULL,5419.15,1.08,0,2025-07-01,Retail,Hyderabad,-597.61
2364,Women,Lifestyle,"Dunk Low",M,NULL,,0.27,0,NULL,Online,Delhi,1414.23
2365,Women,Running,"React Infinity",10,NULL,,,0,2024-08-17,Online,Hyderabad,3555.61
2366,Kids,Lifestyle,"Waffle One",M,NULL,,0.63,0,2025-05-08,Retail,Bangalore,3737.47
2367,Kids,Lifestyle,"Dunk Low",XL,4.0,6202.99,0.84,3969.91,2024-11-12,Online,Bangalore,-202.12
2368,Women,Lifestyle,"Waffle One",L,NULL,5582.98,,0,2023-08-04,Retail,Delhi,2369.28
2369,Men,Basketball,"LeBron 20",XL,0.0,4248.21,0.5,0,2025-07-11,Online,Hyderabad,2427.86
2370,Men,Running,"Pegasus Turbo",L,2.0,,,0,2025-02-04,Online,Delhi,867.37
2371,Kids,Training,"Flex Trainer",,1.0,,0.05,0,2025-04-15,Online,Kolkata,3424.65
2372,Men,Running,"Free RN",,NULL,7624.86,,0,2025-05-23,Online,Kolkata,3365.96
2373,Women,Lifestyle,"Air Force 1",XL,NULL,8637.25,0.35,0,2024-09-22,Retail,Kolkata,2738.82
2376,Men,Lifestyle,"Dunk Low",XL,NULL,3718.82,0.88,0,2024-10-03,Online,Delhi,-234.66
2377,Men,Basketball,"LeBron 20",,4.0,,,0,2025-07-02,Online,Mumbai,2438.24
2379,Men,Lifestyle,"Air Force 1",L,4.0,,,0,2024-04-09,Online,Mumbai,3289.77
2380,Men,Soccer,"Phantom GT",M,1.0,7932.85,,0,2024-12-09,Retail,Delhi,2707.27
2381,Kids,Lifestyle,"Dunk Low",M,3.0,4834.65,1.02,-290.08,2024-10-12,Retail,Pune,213.96
2382,Men,Lifestyle,"Waffle One",L,4.0,,,0,2024-03-09,Retail,Mumbai,787.42
2384,Women,Training,"SuperRep Go",,3.0,2070.97,1.25,-1553.23,2024-09-05,Online,Delhi,42.89
2385,Men,Training,"Metcon 7",,NULL,,,0,2024-10-03,Retail,Delhi,1443.09
2386,Men,Basketball,"Kyrie Flytrap",M,NULL,2271.77,,0,2025-07-13,Online,Pune,2029.55
2387,Women,Basketball,"Kyrie Flytrap",,3.0,,,0,2024-09-21,Online,Pune,1042.09
2388,Kids,Running,"Air Zoom",L,1.0,5321.46,,0,2024-09-02,Retail,Bangalore,2587.26
2389,Women,Basketball,"Kyrie Flytrap",XL,0.0,7901.16,0.77,0,2024-10-08,Online,Delhi,-406.39
2002,Women,Training,"ZoomX Invincible",XL,4.0,6820.42,,0,2024-10-03,Retail,Kolkata,3842.85
2392,Kids,Basketball,"Zoom Freak",XL,NULL,8631.03,,0,NULL,Retail,Bangalore,1356.18
2050,Kids,Training,"ZoomX Invincible",L,NULL,,1.19,0,NULL,Retail,Hyderabad,4.76
2394,Kids,Lifestyle,"Air Force 1",XL,NULL,,0.2,0,2023-08-18,Online,Delhi,-133.03
2395,Kids,Soccer,"Premier III",XL,1.0,,,0,2025-07-08,Online,Pune,85
2396,Men,Basketball,"Air Jordan",L,NULL,5967.92,0.03,0,2025-06-09,Retail,Pune,859.93
2397,Men,Soccer,"Phantom GT",XL,NULL,,,0,2023-12-27,Retail,Mumbai,3996.96
2398,Women,Soccer,"Mercurial Superfly",L,NULL,4301.85,0.74,0,NULL,Retail,Bangalore,3888.42
2025,Kids,Training,"ZoomX Invincible",XL,4.0,6743.07,,0,2024-10-09,Online,Pune,-277.41
2012,Kids,Running,"Pegasus Turbo",,0.0,9220.15,,0,2025-04-02,Retail,Pune,2688.05
2402,Kids,Running,"React Infinity",,NULL,6437.85,,0,2025-03-09,Online,Mumbai,1231.3
2403,Women,Running,"React Infinity",XL,NULL,,1.13,0,2024-08-24,Retail,Delhi,1309.54
2404,Men,Lifestyle,"Blazer Mid",XL,NULL,,0.09,0,2024-01-25,Online,Pune,-501.36
2405,Men,Basketball,"Kyrie Flytrap",6,1.0,,,0,2024-11-17,Online,Kolkata,69.95
2406,Men,Training,"Metcon 7",L,4.0,6458.72,,0,2023-09-17,Online,Mumbai,402
2407,Kids,Running,"Free RN",6,NULL,9193.15,,0,2023-12-30,Online,Kolkata,521.77
2408,Men,Soccer,"Premier III",XL,1.0,,,0,2024-10-09,Retail,Bangalore,1731.86
2409,Men,Basketball,"Zoom Freak",M,NULL,,,0,2025-01-19,Retail,Bangalore,2993.72
2410,Kids,Basketball,"Air Jordan",,NULL,,1.11,0,2025-03-27,Retail,Hyderabad,1344.49
2025,Men,Lifestyle,"Blazer Mid",L,1.0,8903.17,,0,NULL,Retail,Kolkata,3808.81
2412,Kids,Lifestyle,"Blazer Mid",XL,1.0,4920.3,0.14,4231.46,NULL,Retail,Mumbai,1135.72
2413,Men,Training,"Flex Trainer",XL,3.0,7005.67,0.15,17864.46,NULL,Retail,Kolkata,2329.98
2414,Women,Basketball,"Air Jordan",XL,NULL,8141.8,,0,2024-01-25,Online,Hyderabad,-829.35
2415,Women,Running,"Free RN",8,3.0,6178.39,,0,2024-07-22,Retail,Bangalore,73.75
2416,Kids,Soccer,"Mercurial Superfly",9,3.0,6245.23,1.15,-2810.35,2024-12-14,Retail,Mumbai,3485.64
2417,Men,Lifestyle,"Dunk Low",,NULL,8293.38,1.12,0,2024-12-29,Retail,Bangalore,1727.06
2418,Men,Soccer,"Phantom GT",XL,NULL,9288.75,0.54,0,2025-04-29,Retail,Mumbai,3110.43
2419,Men,Lifestyle,"Dunk Low",L,NULL,8738.99,0.47,0,2024-07-14,Online,Hyderabad,2868.49
2420,Kids,Basketball,"Zoom Freak",9,NULL,,1.02,0,2024-04-11,Online,Hyderabad,1664.6
2421,Women,Running,"React Infinity",M,2.0,8136.39,,0,2025-03-10,Retail,Pune,3398.15
2422,Kids,Soccer,"Tiempo Legend",,4.0,,,0,2024-07-23,Retail,Mumbai,3044.66
2025,Kids,Training,"Flex Trainer",11,NULL,4554.97,,0,2025-03-05,Retail,Hyderabad,2802.1
2424,Women,Basketball,"Air Jordan",10,NULL,7634.65,,0,NULL,Online,Kolkata,1749.8
2425,Kids,Training,"ZoomX Invincible",XL,NULL,,0.38,0,2024-12-30,Online,Bangalore,3058.78
2426,Kids,Lifestyle,"Dunk Low",M,NULL,2278.67,0.56,0,2025-03-05,Retail,Pune,-72.52
2427,Men,Running,"Pegasus Turbo",7,NULL,2904.11,,0,2025-06-13,Online,Delhi,1683.98
2428,Kids,Basketball,"Kyrie Flytrap",12,2.0,,,0,2024-12-07,Retail,Mumbai,427.51
2429,Kids,Lifestyle,"Dunk Low",L,NULL,,,0,2025-05-25,Online,Mumbai,550.48
2430,Women,Soccer,"Tiempo Legend",12,3.0,,0.1,0,2025-07-09,Online,Pune,215.3
2431,Women,Lifestyle,"Blazer Mid",L,1.0,,,0,2024-11-15,Online,Hyderabad,1627.78
2432,Women,Basketball,"Zoom Freak",L,1.0,3036.61,0.86,425.13,2024-10-26,Online,Mumbai,3754.3
2433,Men,Basketball,"Zoom Freak",,4.0,7154.83,,0,NULL,Retail,Pune,-620.53
2435,Kids,Lifestyle,"Waffle One",XL,NULL,5853.58,,0,2024-04-01,Retail,Kolkata,2378.82
2436,Kids,Basketball,"LeBron 20",8,0.0,,0.81,0,NULL,Online,Bangalore,2213.84
2437,Women,Running,"Pegasus Turbo",XL,3.0,,0.53,0,2024-07-31,Retail,Hyderabad,-281.42
2438,Men,Training,"Metcon 7",8,NULL,,,0,2024-11-24,Retail,Mumbai,2965.39
2441,Women,Training,"Metcon 7",XL,NULL,,1.11,0,NULL,Retail,Pune,-219.02
2442,Men,Soccer,"Tiempo Legend",L,NULL,,0.04,0,2025-01-26,Online,Mumbai,3083.26
2443,Women,Basketball,"LeBron 20",M,1.0,6271.66,,0,2025-03-15,Retail,Mumbai,2449.43
2444,Women,Lifestyle,"Blazer Mid",XL,3.0,3676.04,,0,2025-05-25,Retail,Pune,1621.74
2445,Women,Basketball,"Air Jordan",XL,NULL,,,0,2024-12-02,Online,Kolkata,141.93
2446,Men,Soccer,"Mercurial Superfly",,NULL,8062.11,,0,NULL,Online,Kolkata,3198.97
2447,Kids,Lifestyle,"Waffle One",XL,NULL,,,0,2024-05-04,Online,Kolkata,1291.8
2003,Women,Lifestyle,"Waffle One",XL,2.0,8516.45,0.22,13285.66,2023-09-30,Online,Kolkata,1764.52
2450,Men,Basketball,"Air Jordan",12,NULL,7520.63,,0,2025-07-19,Online,Kolkata,1786.43
2451,Kids,Soccer,"Premier III",,2.0,,0.54,0,2023-11-04,Online,Mumbai,2233.57
2452,Men,Lifestyle,"Dunk Low",XL,NULL,8780.66,,0,NULL,Online,Bangalore,176.96
2453,Women,Running,"React Infinity",M,NULL,9344.52,,0,NULL,Online,Pune,387.79
2454,Women,Soccer,"Tiempo Legend",XL,NULL,,0.19,0,2025-02-25,Online,Bangalore,3100.44
2455,Women,Training,"Metcon 7",,NULL,4071.46,,0,2025-03-22,Retail,Delhi,2003.31
2456,Women,Soccer,"Premier III",M,0.0,4254.68,,0,2025-03-15,Retail,Kolkata,3498.64
2457,Women,Soccer,"Mercurial Superfly",,0.0,8206.22,,0,2025-03-04,Retail,Bangalore,2443.4
2458,Kids,Soccer,"Phantom GT",,NULL,,,0,2023-12-20,Retail,Pune,573.21
2459,Kids,Basketball,"Air Jordan",M,NULL,3572.52,,0,2024-04-20,Retail,Kolkata,-404.04
2460,Women,Basketball,"Zoom Freak",XL,2.0,5482.96,0.35,7127.85,2024-11-04,Online,Kolkata,-823.8
2461,Women,Basketball,"LeBron 20",L,NULL,3939.92,0.63,0,NULL,Online,Pune,3146.03
2462,Men,Basketball,"Zoom Freak",8,NULL,4468.7,0.49,0,2025-01-23,Retail,Pune,2143.6
2037,Women,Running,"React Infinity",XL,NULL,,,0,2024-10-04,Online,Delhi,438.39
2464,Women,Lifestyle,"Blazer Mid",XL,3.0,2699.59,,0,2024-06-30,Retail,Hyderabad,3507.56
2465,Kids,Lifestyle,"Blazer Mid",7,1.0,7814.02,,0,2025-03-22,Retail,Pune,684.07
2467,Kids,Training,"SuperRep Go",M,1.0,8484.82,,0,2023-11-05,Online,Mumbai,1899.54
2468,Women,Soccer,"Phantom GT",7,0.0,6012.23,0.62,0,2024-10-26,Retail,Bangalore,-1113.25
2469,Men,Training,"Metcon 7",XL,4.0,,1.08,0,2025-05-21,Retail,Mumbai,-279.26
2470,Men,Soccer,"Mercurial Superfly",L,NULL,,,0,2024-11-07,Online,Delhi,1099.17
2471,Men,Basketball,"Kyrie Flytrap",L,NULL,4527.64,,0,NULL,Retail,Pune,464.96
2472,Men,Basketball,"LeBron 20",L,NULL,2255.65,,0,2025-04-05,Online,Mumbai,560.7
2473,Men,Training,"ZoomX Invincible",,NULL,8752.02,,0,NULL,Retail,Pune,283.56
2474,Kids,Training,"Metcon 7",M,NULL,,,0,2024-12-21,Retail,Delhi,115.11
2475,Men,Running,"Free RN",L,2.0,,1.06,0,2025-01-07,Online,Bangalore,3885.97
2476,Men,Soccer,"Premier III",M,NULL,,1.09,0,NULL,Retail,Pune,-627.07
2477,Women,Training,"ZoomX Invincible",M,NULL,5923.67,,0,2024-09-30,Online,Hyderabad,-177.68
2478,Women,Soccer,"Mercurial Superfly",,2.0,,0.62,0,2025-05-12,Online,Pune,-223.4
2479,Women,Running,"Air Zoom",,NULL,2708.99,,0,NULL,Online,Delhi,952.78
2480,Men,Basketball,"Kyrie Flytrap",M,NULL,,,0,2024-08-20,Retail,Pune,25.18
2481,Women,Soccer,"Premier III",7,1.0,9145.37,0.07,8505.19,2025-04-17,Online,Pune,1755.19
2482,Men,Lifestyle,"Air Force 1",XL,NULL,,,0,2024-09-14,Online,Mumbai,2642.8
2484,Men,Soccer,"Mercurial Superfly",10,NULL,5308.26,1.03,0,2025-05-10,Retail,Bangalore,1189.82
2485,Kids,Running,"Air Zoom",M,NULL,9307.2,,0,2024-12-17,Online,Hyderabad,16.06
2486,Kids,Soccer,"Mercurial Superfly",M,NULL,,0.33,0,NULL,Retail,Hyderabad,1332.57
2487,Men,Running,"Air Zoom",L,3.0,5881.13,0.8,3528.68,2025-03-31,Online,Hyderabad,2108.4
2488,Kids,Running,"Free RN",6,4.0,6387.51,,0,NULL,Retail,Kolkata,300.76
2489,Men,Lifestyle,"Air Force 1",,4.0,,0.18,0,2024-10-02,Retail,Hyderabad,1415.34
2490,Women,Soccer,"Premier III",L,3.0,5015.19,0.75,3761.39,2024-11-26,Online,Hyderabad,-494.53
2491,Kids,Soccer,"Phantom GT",M,NULL,8998.44,,0,2025-05-28,Online,Bangalore,-432.44
2492,Kids,Basketball,"LeBron 20",L,NULL,,,0,NULL,Online,Kolkata,473.22
2493,Women,Soccer,"Premier III",,3.0,6042.94,,0,2024-11-26,Retail,Kolkata,1659.75
2494,Kids,Lifestyle,"Dunk Low",,2.0,,,0,2024-11-20,Retail,Mumbai,1007.7
2495,Kids,Basketball,"LeBron 20",,3.0,,1.11,0,2025-01-20,Retail,Bangalore,36.16
2496,Kids,Running,"React Infinity",M,2.0,4110.72,0.32,5590.58,2024-12-24,Retail,Bangalore,3894.95
2497,Kids,Basketball,"Air Jordan",XL,1.0,,,0,2023-11-29,Online,Mumbai,2592.98
2498,Kids,Training,"ZoomX Invincible",,NULL,,,0,2025-06-01,Retail,Pune,1574.98
2499,Women,Soccer,"Premier III",L,NULL,8347.87,,0,2024-06-07,Retail,Hyderabad,1488.3
2500,Kids,Running,"Pegasus Turbo",,NULL,,0.99,0,2025-07-06,Online,Bangalore,3100.16
2501,Women,Lifestyle,"Air Force 1",L,NULL,6453.36,,0,2025-06-04,Retail,Kolkata,2321.06
2502,Women,Basketball,"Kyrie Flytrap",M,0.0,,,0,2023-09-10,Retail,Mumbai,2412.82
2504,Men,Basketball,"Zoom Freak",,3.0,,,0,NULL,Online,Hyderabad,-278.07
2505,Women,Running,"Free RN",9,NULL,,1.11,0,2025-07-03,Online,Bangalore,3748.24
2506,Men,Training,"SuperRep Go",,NULL,2225.73,,0,2025-05-27,Online,Delhi,276.63
2507,Men,Soccer,"Phantom GT",L,2.0,,,0,2024-03-13,Retail,Hyderabad,2116.53
2508,Kids,Soccer,"Premier III",XL,1.0,,1.16,0,NULL,Retail,Kolkata,1811.51
2509,Men,Running,"React Infinity",L,NULL,,,0,2024-11-23,Online,Bangalore,1086.09
2510,Kids,Running,"React Infinity",,0.0,2165.14,0.36,0,NULL,Online,Mumbai,3012.1
2512,Men,Training,"Metcon 7",M,NULL,6110.96,,0,NULL,Online,Kolkata,3074.69
2513,Women,Basketball,"Zoom Freak",XL,4.0,9848.8,,0,2024-10-11,Online,Pune,2764.66
2514,Kids,Basketball,"Air Jordan",M,1.0,,,0,2025-05-26,Online,Bangalore,1790.41
2515,Women,Training,"SuperRep Go",,1.0,7532.24,,0,NULL,Retail,Pune,1060.53
2516,Kids,Running,"React Infinity",,NULL,,,0,2024-01-21,Online,Pune,157.65
2517,Men,Lifestyle,"Air Force 1",7,1.0,3059.89,,0,NULL,Online,Hyderabad,1968.82
2518,Women,Basketball,"Air Jordan",L,NULL,,1.03,0,2024-07-03,Retail,Delhi,-703.61
2519,Women,Running,"React Infinity",L,NULL,9701.72,,0,2024-11-10,Online,Hyderabad,-835.82
2520,Kids,Soccer,"Mercurial Superfly",,NULL,,0.14,0,2025-05-09,Online,Bangalore,-945.88
2521,Kids,Lifestyle,"Blazer Mid",M,4.0,3645.35,,0,2024-09-25,Online,Kolkata,3265.83
2522,Men,Running,"Pegasus Turbo",XL,4.0,6243.91,,0,2024-02-13,Retail,Kolkata,-199.13
2523,Men,Basketball,"LeBron 20",M,NULL,7007.6,,0,2024-08-07,Retail,Kolkata,2068.49
2524,Women,Lifestyle,"Air Force 1",XL,NULL,,,0,2024-11-21,Online,Kolkata,997.53
2525,Women,Training,"Metcon 7",XL,2.0,,,0,2025-02-18,Retail,Kolkata,3453.18
2526,Kids,Lifestyle,"Waffle One",10,1.0,,,0,2024-08-01,Retail,Hyderabad,3188.07
2527,Men,Lifestyle,"Air Force 1",XL,NULL,7408.91,,0,2024-03-18,Online,Delhi,-138.78
2528,Women,Training,"ZoomX Invincible",11,2.0,,,0,2025-06-10,Online,Delhi,134.1
2529,Men,Running,"React Infinity",XL,NULL,,,0,NULL,Online,Kolkata,3008.62
2530,Women,Lifestyle,"Dunk Low",M,2.0,4357.79,,0,2025-02-27,Retail,Mumbai,3936.13
2531,Men,Soccer,"Premier III",XL,NULL,,,0,2025-04-09,Online,Hyderabad,2875.41
2532,Men,Soccer,"Tiempo Legend",L,NULL,,,0,2025-04-17,Retail,Bangalore,72.78
2533,Women,Training,"Flex Trainer",L,NULL,,1.02,0,2024-01-31,Online,Mumbai,2155.46
2534,Women,Training,"SuperRep Go",M,NULL,,,0,NULL,Online,Pune,506.26
2535,Men,Soccer,"Tiempo Legend",XL,2.0,2786.84,0.21,4403.21,2025-01-25,Online,Mumbai,3345.36
2536,Kids,Running,"Air Zoom",M,NULL,2221.78,0.55,0,2024-10-02,Retail,Delhi,-1091.66
2537,Women,Lifestyle,"Waffle One",M,NULL,,,0,2025-05-30,Retail,Bangalore,2596.8
2538,Men,Lifestyle,"Waffle One",,2.0,9701.24,,0,2024-10-06,Retail,Kolkata,223.82
2539,Women,Running,"Free RN",L,NULL,,,0,2025-02-26,Online,Bangalore,3748.73
2540,Women,Lifestyle,"Air Force 1",L,NULL,8794.64,,0,2025-01-09,Online,Mumbai,-938.07
2541,Kids,Running,"React Infinity",M,NULL,,,0,2025-05-19,Retail,Mumbai,-1180.11
2542,Kids,Running,"React Infinity",XL,NULL,,0.18,0,NULL,Retail,Hyderabad,-1115.89
2543,Women,Lifestyle,"Waffle One",,NULL,,,0,NULL,Retail,Hyderabad,-244.09
2544,Men,Training,"ZoomX Invincible",L,NULL,8856.07,,0,NULL,Online,Bangalore,2069.93
2545,Men,Training,"Metcon 7",L,NULL,,,0,2025-04-26,Retail,Bangalore,924.07
2546,Kids,Training,"ZoomX Invincible",XL,NULL,5179.57,,0,2024-10-03,Retail,Bangalore,2084.99
2547,Women,Soccer,"Mercurial Superfly",M,1.0,3068.13,,0,2025-07-08,Retail,Kolkata,-586.29
2548,Kids,Running,"Pegasus Turbo",L,NULL,9557.0,,0,2025-04-23,Online,Delhi,3847.47
2549,Men,Training,"Flex Trainer",XL,NULL,4366.09,,0,NULL,Retail,Delhi,1696.1
2550,Men,Soccer,"Premier III",XL,1.0,6121.21,0.05,5815.15,2023-09-08,Online,Kolkata,2470.08
2551,Men,Training,"ZoomX Invincible",XL,NULL,,,0,NULL,Retail,Mumbai,853.25
2552,Women,Soccer,"Premier III",10,1.0,,0.41,0,2025-05-03,Retail,Hyderabad,3389.34
2553,Kids,Basketball,"Kyrie Flytrap",,NULL,6708.16,,0,2025-02-24,Online,Delhi,-739.72
2554,Women,Training,"Flex Trainer",M,1.0,6755.56,,0,2025-01-13,Retail,Bangalore,1002.19
2555,Women,Basketball,"Kyrie Flytrap",7,NULL,2685.95,,0,NULL,Retail,Hyderabad,3675.97
2556,Kids,Lifestyle,"Air Force 1",10,1.0,,,0,NULL,Retail,Kolkata,1327.26
2557,Men,Basketball,"LeBron 20",M,3.0,,,0,2024-11-09,Retail,Kolkata,1115.74
2559,Men,Lifestyle,"Air Force 1",7,3.0,6011.84,,0,2025-02-10,Online,Kolkata,-99.73
2560,Kids,Basketball,"Zoom Freak",M,2.0,,,0,2025-01-16,Retail,Delhi,3493.16
2561,Women,Soccer,"Tiempo Legend",XL,NULL,3642.21,,0,2024-03-25,Online,Bangalore,3900.7
2562,Kids,Training,"ZoomX Invincible",L,1.0,,,0,2024-12-21,Retail,Mumbai,-79.1
2563,Men,Soccer,"Mercurial Superfly",M,2.0,9443.35,0.54,8687.88,2025-04-13,Retail,Kolkata,2706.61
2564,Women,Basketball,"LeBron 20",M,NULL,,0.72,0,2023-08-07,Online,Delhi,1279.03
2565,Women,Lifestyle,"Dunk Low",XL,4.0,3028.41,,0,2024-09-18,Online,Mumbai,1754.48
2029,Women,Running,"React Infinity",,NULL,7518.66,,0,2024-12-16,Retail,Kolkata,2543.37
2567,Women,Running,"Air Zoom",M,3.0,,,0,2024-09-15,Online,Pune,1162.3
2030,Women,Soccer,"Mercurial Superfly",,NULL,2298.45,,0,2024-09-12,Retail,Kolkata,-240.32
2569,Women,Basketball,"Air Jordan",L,2.0,9605.11,0.88,2305.23,2024-08-24,Online,Hyderabad,128.89
2570,Men,Basketball,"Air Jordan",L,NULL,,,0,2025-03-22,Online,Bangalore,2986.69
2571,Kids,Soccer,"Phantom GT",6,NULL,4728.95,,0,2023-11-28,Retail,Mumbai,276.98
2573,Men,Soccer,"Premier III",,NULL,,0.75,0,2024-08-29,Online,Delhi,301.42
2574,Women,Soccer,"Tiempo Legend",,NULL,3502.97,,0,2024-09-19,Retail,Delhi,-542.87
2575,Men,Training,"Metcon 7",XL,2.0,3582.67,,0,2025-07-03,Online,Hyderabad,1982.16
2576,Kids,Running,"Pegasus Turbo",10,NULL,9134.77,,0,2025-01-04,Online,Pune,-427.11
2578,Men,Lifestyle,"Blazer Mid",9,2.0,,,0,2025-05-10,Retail,Bangalore,3550
2579,Kids,Lifestyle,"Dunk Low",7,3.0,9541.83,,0,2024-07-26,Online,Delhi,589.3
2580,Kids,Training,"Flex Trainer",M,1.0,2749.79,,0,2024-12-06,Retail,Kolkata,2978.85
2581,Kids,Running,"Free RN",10,0.0,,0.53,0,2024-10-30,Online,Mumbai,800.45
2582,Men,Training,"Metcon 7",M,NULL,,,0,NULL,Online,Kolkata,909.76
2583,Men,Soccer,"Tiempo Legend",M,NULL,,,0,2024-09-03,Retail,Mumbai,3051.16
2584,Kids,Running,"React Infinity",M,0.0,,,0,NULL,Retail,Hyderabad,-123.93
2585,Kids,Basketball,"Kyrie Flytrap",,NULL,5066.14,1.12,0,2025-01-17,Retail,Kolkata,-148.71
2586,Men,Running,"Air Zoom",L,NULL,,0.99,0,2024-11-24,Online,Mumbai,1146.73
2587,Women,Running,"React Infinity",6,4.0,,0.37,0,NULL,Online,Bangalore,-480.01
2588,Kids,Basketball,"LeBron 20",M,NULL,,,0,2025-07-19,Online,Pune,2861.32
2589,Men,Training,"Metcon 7",M,3.0,,,0,2024-09-17,Online,Kolkata,1429.18
2590,Men,Soccer,"Premier III",XL,NULL,,,0,NULL,Retail,Bangalore,1766.46
2591,Women,Training,"SuperRep Go",,NULL,,,0,2025-06-21,Retail,Kolkata,1261.67
2592,Women,Lifestyle,"Blazer Mid",M,NULL,,,0,2024-10-13,Retail,Mumbai,-907.48
2593,Men,Lifestyle,"Dunk Low",L,NULL,8747.18,,0,2025-01-04,Retail,Mumbai,2505.6
2594,Women,Training,"ZoomX Invincible",XL,3.0,7944.34,0.67,7864.9,2024-02-23,Retail,Hyderabad,1534.91
2595,Men,Basketball,"LeBron 20",XL,0.0,,,0,2024-02-23,Retail,Delhi,420.27
2597,Kids,Running,"Air Zoom",,3.0,3348.83,,0,2024-12-05,Online,Bangalore,-540.08
2598,Women,Training,"Metcon 7",8,NULL,9488.84,,0,2024-12-06,Retail,Bangalore,3505.24
2599,Kids,Training,"Flex Trainer",12,4.0,,,0,NULL,Retail,Hyderabad,-562.31
2600,Kids,Lifestyle,"Air Force 1",M,3.0,,,0,2024-11-04,Online,Pune,803.62
2601,Women,Soccer,"Tiempo Legend",XL,1.0,,,0,2024-09-27,Retail,Delhi,3739.4
2602,Kids,Running,"Free RN",XL,2.0,3518.53,,0,2024-11-17,Online,Pune,3494.88
2603,Women,Running,"Air Zoom",L,0.0,,,0,2025-03-18,Online,Hyderabad,-144.08
2047,Men,Soccer,"Phantom GT",,4.0,6136.45,,0,2024-12-17,Online,Kolkata,2790.51
2606,Women,Lifestyle,"Air Force 1",L,NULL,4040.65,,0,2025-06-04,Retail,Mumbai,805.92
2607,Women,Basketball,"LeBron 20",,NULL,,,0,2023-08-31,Online,Kolkata,3522.02
2608,Women,Lifestyle,"Waffle One",L,2.0,,,0,NULL,Online,Kolkata,354.67
2609,Kids,Soccer,"Premier III",M,NULL,9649.28,,0,2025-04-26,Online,Bangalore,2712.88
2610,Women,Lifestyle,"Blazer Mid",M,NULL,8359.07,,0,2025-05-06,Online,Bangalore,167.72
2033,Kids,Soccer,"Mercurial Superfly",M,4.0,,,0,NULL,Retail,Pune,2310.9
2612,Women,Training,"Flex Trainer",M,0.0,,,0,2023-08-10,Retail,Mumbai,507.1
2613,Women,Lifestyle,"Waffle One",7,3.0,4374.83,0.27,9580.88,NULL,Retail,Delhi,1473.37
2614,Women,Running,"React Infinity",XL,NULL,2265.0,,0,2024-08-05,Retail,Bangalore,2095.44
2615,Women,Soccer,"Phantom GT",XL,3.0,3042.37,0.12,8031.86,2025-03-24,Online,Pune,2105.48
2616,Men,Lifestyle,"Waffle One",XL,NULL,,0.2,0,2024-06-07,Online,Kolkata,2788.41
2617,Kids,Soccer,"Premier III",XL,0.0,,,0,NULL,Online,Delhi,2772.05
2618,Kids,Lifestyle,"Dunk Low",XL,NULL,,,0,2025-06-23,Retail,Pune,3718.11
2619,Kids,Lifestyle,"Waffle One",L,4.0,,0.65,0,2024-01-22,Online,Hyderabad,-300.28
2620,Kids,Training,"Flex Trainer",XL,0.0,,,0,NULL,Online,Hyderabad,3874.67
2621,Kids,Soccer,"Phantom GT",L,3.0,6466.57,0.59,7953.88,2024-05-19,Online,Bangalore,-1152.86
2622,Kids,Lifestyle,"Blazer Mid",M,NULL,8073.58,,0,2025-04-07,Online,Pune,-82.31
2623,Men,Running,"Pegasus Turbo",L,NULL,4658.42,,0,2025-04-08,Retail,Mumbai,1622.42
2624,Men,Lifestyle,"Blazer Mid",XL,0.0,,,0,NULL,Retail,Bangalore,2085.94
2626,Men,Running,"Air Zoom",7,NULL,5550.99,,0,2025-04-21,Retail,Bangalore,-757.9
2627,Women,Basketball,"LeBron 20",7,NULL,,,0,2023-12-31,Online,Delhi,282.13
2628,Kids,Basketball,"Kyrie Flytrap",L,4.0,,0.44,0,2025-06-29,Retail,Pune,-348.88
2629,Kids,Lifestyle,"Waffle One",XL,NULL,,,0,2024-10-23,Retail,Bangalore,1198.75
2630,Kids,Running,"Pegasus Turbo",,2.0,5846.21,1.02,-233.85,NULL,Online,Delhi,3880.6
2631,Women,Basketball,"Zoom Freak",,NULL,,,0,2025-03-16,Online,Kolkata,2848.46
2633,Kids,Basketball,"Air Jordan",10,0.0,,0.71,0,2025-06-13,Online,Bangalore,3634.35
2634,Men,Lifestyle,"Waffle One",,NULL,5815.75,,0,2024-08-22,Retail,Bangalore,3190.46
2635,Women,Running,"React Infinity",M,NULL,3934.22,,0,2024-02-28,Online,Kolkata,430.63
2636,Men,Basketball,"LeBron 20",11,NULL,,,0,NULL,Online,Bangalore,3269.14
2637,Kids,Training,"SuperRep Go",L,NULL,,,0,2025-04-20,Retail,Hyderabad,3847.48
2638,Men,Soccer,"Premier III",8,1.0,5028.99,,0,2024-01-22,Online,Pune,654.11
2639,Men,Lifestyle,"Blazer Mid",XL,NULL,2597.93,,0,2025-06-25,Retail,Pune,374.95
2640,Kids,Training,"ZoomX Invincible",9,2.0,7900.02,,0,2024-08-02,Online,Bangalore,861.92
2641,Men,Running,"React Infinity",,NULL,2890.77,,0,2024-11-27,Online,Bangalore,1709.06
2642,Women,Lifestyle,"Air Force 1",XL,NULL,,,0,2025-05-17,Retail,Pune,-785.16
2643,Men,Soccer,"Mercurial Superfly",,NULL,,,0,2025-04-17,Retail,Mumbai,2715.31
2644,Men,Training,"SuperRep Go",M,1.0,2640.04,,0,NULL,Retail,Bangalore,1466.96
2022,Kids,Training,"ZoomX Invincible",L,3.0,,,0,2024-11-27,Retail,Mumbai,689.62
2646,Men,Soccer,"Premier III",XL,1.0,,0.89,0,2024-10-20,Retail,Kolkata,2676.52
2647,Women,Basketball,"Zoom Freak",,4.0,,,0,NULL,Online,Mumbai,747.29
2648,Men,Running,"React Infinity",L,NULL,3477.49,0.54,0,2025-03-06,Retail,Delhi,3487.39
2649,Women,Basketball,"Kyrie Flytrap",L,NULL,6798.48,1.18,0,2025-02-01,Retail,Mumbai,2297.4
2650,Men,Lifestyle,"Blazer Mid",,NULL,,,0,2023-08-14,Retail,Bangalore,3703.68
2651,Kids,Basketball,"Air Jordan",L,1.0,,,0,2024-10-27,Online,Kolkata,-819.33
2652,Women,Basketball,"Air Jordan",,2.0,,1.08,0,2025-04-10,Online,Delhi,-240.8
2653,Men,Running,"Pegasus Turbo",M,NULL,6178.85,1.04,0,2024-12-10,Online,Hyderabad,2550.88
2654,Kids,Soccer,"Tiempo Legend",M,NULL,,,0,2024-07-21,Online,Bangalore,2933.02
2655,Kids,Training,"SuperRep Go",10,NULL,4993.94,,0,NULL,Retail,Mumbai,2420.85
2656,Women,Soccer,"Premier III",M,1.0,5246.43,,0,NULL,Retail,Bangalore,1891.48
2657,Kids,Running,"Air Zoom",M,4.0,,,0,2025-04-07,Online,Delhi,494.45
2658,Women,Lifestyle,"Dunk Low",L,1.0,,,0,2025-04-26,Online,Delhi,155.53
2659,Kids,Basketball,"LeBron 20",M,NULL,9945.56,1.01,0,2025-05-12,Online,Hyderabad,-1116.54
2660,Men,Training,"Flex Trainer",,NULL,,,0,2024-11-01,Retail,Pune,2519.25
2661,Kids,Soccer,"Tiempo Legend",XL,NULL,2006.63,,0,NULL,Online,Delhi,3171.69
2662,Kids,Training,"SuperRep Go",M,0.0,,,0,NULL,Online,Delhi,2104.46
2663,Kids,Training,"Metcon 7",L,2.0,,0.43,0,2025-06-17,Retail,Delhi,3174.81
2664,Kids,Running,"Pegasus Turbo",L,2.0,9103.08,,0,2024-12-11,Online,Mumbai,1726.8
2665,Men,Lifestyle,"Waffle One",L,NULL,6140.7,,0,NULL,Online,Delhi,506.87
2666,Women,Soccer,"Phantom GT",M,NULL,3700.75,,0,NULL,Online,Kolkata,-963.73
2667,Women,Lifestyle,"Air Force 1",XL,3.0,9367.66,,0,2025-03-23,Online,Delhi,-623.95
2668,Women,Training,"ZoomX Invincible",M,NULL,,0.45,0,2024-12-20,Retail,Bangalore,3138.32
2669,Women,Training,"Flex Trainer",XL,NULL,,0.51,0,NULL,Retail,Pune,1737.23
2027,Men,Soccer,"Premier III",12,4.0,7204.01,,0,2025-06-15,Retail,Delhi,3951.42
2671,Kids,Running,"Air Zoom",XL,NULL,9264.49,,0,2025-06-26,Retail,Pune,491.18
2672,Women,Lifestyle,"Air Force 1",XL,2.0,,,0,2024-08-04,Online,Mumbai,67.58
2673,Kids,Running,"Pegasus Turbo",11,NULL,6891.25,0.63,0,NULL,Retail,Pune,-742.85
2675,Women,Soccer,"Premier III",12,3.0,,,0,2025-04-04,Online,Hyderabad,2731.71
2676,Men,Running,"Air Zoom",10,NULL,,,0,2025-05-13,Online,Delhi,3932.36
2677,Men,Lifestyle,"Air Force 1",M,2.0,5618.62,,0,NULL,Retail,Bangalore,1745.96
2678,Kids,Running,"Pegasus Turbo",,0.0,4240.24,1.21,0,2024-11-06,Retail,Pune,3483.11
2679,Men,Training,"Flex Trainer",M,NULL,2758.08,0.04,0,2024-07-05,Online,Bangalore,2447.58
2680,Kids,Training,"Metcon 7",,NULL,,,0,2025-07-21,Retail,Pune,1044.98
2681,Women,Running,"Pegasus Turbo",8,NULL,5996.09,,0,NULL,Online,Delhi,3597.08
2682,Men,Basketball,"LeBron 20",XL,4.0,,0.41,0,2024-08-28,Retail,Pune,3614.76
2683,Kids,Lifestyle,"Dunk Low",XL,1.0,,,0,2025-06-12,Online,Mumbai,1119.71
2684,Men,Lifestyle,"Blazer Mid",L,0.0,,0.73,0,2025-04-11,Retail,Mumbai,1556.61
2685,Kids,Lifestyle,"Dunk Low",M,4.0,,,0,2025-05-22,Retail,Hyderabad,1377.72
2686,Women,Lifestyle,"Blazer Mid",L,NULL,9585.39,1.03,0,2025-07-03,Retail,Hyderabad,761.26
2031,Women,Soccer,"Phantom GT",L,NULL,,,0,2024-07-12,Online,Mumbai,3119.37
2689,Women,Basketball,"LeBron 20",,NULL,5260.17,,0,2025-01-28,Retail,Mumbai,1402.81
2690,Kids,Training,"Metcon 7",6,NULL,,,0,2024-11-21,Online,Mumbai,1125.71
2042,Men,Running,"Air Zoom",,NULL,,0.8,0,NULL,Online,Delhi,-151.26
2692,Women,Training,"Metcon 7",XL,NULL,,0.47,0,2024-06-02,Online,Bangalore,2528.27
2693,Kids,Training,"ZoomX Invincible",10,NULL,,,0,2025-05-11,Online,Bangalore,262.12
2694,Women,Training,"Metcon 7",M,NULL,,,0,2024-07-25,Online,Hyderabad,-249.45
2696,Women,Lifestyle,"Blazer Mid",L,NULL,,1.0,0,2024-11-22,Online,Mumbai,66.43
2698,Men,Basketball,"LeBron 20",XL,NULL,,0.02,0,NULL,Retail,Mumbai,1680.5
2699,Men,Lifestyle,"Dunk Low",XL,0.0,,,0,2025-02-21,Online,Mumbai,1052.65
2700,Kids,Training,"Metcon 7",XL,0.0,,0.48,0,2025-07-11,Retail,Bangalore,1423.83
2701,Men,Training,"SuperRep Go",XL,NULL,,,0,2024-11-29,Online,Delhi,2007.01
2702,Men,Basketball,"Kyrie Flytrap",XL,0.0,,,0,2024-12-16,Online,Pune,687.32
2703,Kids,Running,"Pegasus Turbo",L,NULL,5214.32,,0,2025-06-24,Online,Kolkata,-637.13
2704,Women,Basketball,"LeBron 20",L,NULL,5094.43,,0,NULL,Online,Hyderabad,1765.36
2705,Men,Running,"Pegasus Turbo",,NULL,,,0,2024-01-07,Retail,Pune,-37.88
2706,Women,Training,"ZoomX Invincible",XL,0.0,,,0,2025-05-08,Retail,Kolkata,3153.1
2707,Men,Running,"Free RN",XL,NULL,2996.2,0.49,0,NULL,Online,Hyderabad,2913.41
2708,Kids,Basketball,"Kyrie Flytrap",L,NULL,4523.72,,0,2024-10-14,Online,Hyderabad,-237.9
2709,Kids,Running,"Free RN",10,1.0,6302.98,0.48,3277.55,2025-03-08,Retail,Delhi,2835.93
2710,Women,Lifestyle,"Blazer Mid",M,2.0,4669.75,,0,NULL,Retail,Bangalore,-987.12
2711,Men,Soccer,"Mercurial Superfly",7,2.0,,,0,NULL,Online,Delhi,756.18
2712,Women,Running,"Pegasus Turbo",XL,NULL,,,0,2024-07-22,Retail,Delhi,3024.11
2713,Men,Lifestyle,"Air Force 1",L,1.0,7877.36,0.55,3544.81,2025-05-10,Retail,Kolkata,3663.49
2026,Women,Running,"Air Zoom",,NULL,2491.06,,0,2024-09-04,Retail,Bangalore,1660.44
2715,Kids,Basketball,"LeBron 20",L,0.0,,1.07,0,2025-06-13,Online,Kolkata,-1164.37
2716,Kids,Training,"SuperRep Go",M,0.0,4830.96,,0,2024-11-17,Online,Pune,1344.73
2717,Men,Running,"Free RN",M,0.0,9473.09,,0,2024-11-17,Online,Delhi,3055.36
2718,Men,Basketball,"LeBron 20",7,NULL,8485.23,,0,NULL,Retail,Bangalore,637.62
2719,Women,Training,"Metcon 7",,NULL,4819.76,,0,2024-03-22,Retail,Kolkata,2066.12
2720,Kids,Training,"ZoomX Invincible",M,NULL,,,0,NULL,Retail,Delhi,2548.78
2721,Kids,Training,"Flex Trainer",L,0.0,,,0,2023-11-11,Online,Bangalore,1275.23
2722,Women,Lifestyle,"Dunk Low",L,0.0,,0.09,0,2024-09-30,Online,Kolkata,818.65
2723,Women,Lifestyle,"Dunk Low",XL,NULL,3403.54,,0,2025-03-10,Online,Kolkata,221.41
2724,Women,Training,"Flex Trainer",L,NULL,8007.22,,0,2025-01-16,Online,Delhi,1190.2
2012,Men,Lifestyle,"Dunk Low",XL,NULL,2174.89,,0,NULL,Retail,Kolkata,-406.38
2726,Women,Training,"Flex Trainer",,NULL,,0.48,0,2024-08-19,Retail,Pune,1392.27
2727,Men,Lifestyle,"Waffle One",M,NULL,6154.32,0.94,0,NULL,Online,Kolkata,2004.4
2018,Kids,Soccer,"Tiempo Legend",L,NULL,,,0,2025-02-15,Retail,Bangalore,-701.28
2729,Kids,Training,"Flex Trainer",,NULL,6383.55,,0,2025-04-29,Retail,Delhi,2079.06
2730,Women,Lifestyle,"Dunk Low",,1.0,,,0,NULL,Online,Hyderabad,2140.93
2731,Kids,Lifestyle,"Dunk Low",M,3.0,,,0,2025-03-28,Online,Kolkata,3961.27
2732,Women,Training,"SuperRep Go",M,0.0,3402.8,,0,2025-03-01,Online,Hyderabad,1045.5
2733,Women,Running,"Free RN",L,NULL,6743.38,,0,2024-11-22,Online,Pune,1908.63
2735,Kids,Running,"Free RN",XL,NULL,,,0,2024-08-05,Online,Kolkata,928.63
2736,Men,Soccer,"Tiempo Legend",,NULL,,0.49,0,2025-02-22,Retail,Delhi,3042.49
2737,Kids,Basketball,"Kyrie Flytrap",XL,NULL,,,0,2024-09-10,Retail,Mumbai,144.37
2738,Women,Training,"ZoomX Invincible",M,3.0,,0.39,0,2025-05-11,Retail,Pune,-712.53
2739,Kids,Running,"Free RN",L,2.0,,0.26,0,2025-02-04,Online,Kolkata,2350.69
2740,Women,Lifestyle,"Air Force 1",XL,1.0,4922.19,,0,NULL,Retail,Bangalore,3820.48
2741,Women,Training,"SuperRep Go",L,NULL,5241.9,,0,2025-01-15,Online,Hyderabad,-295.49
2742,Kids,Lifestyle,"Blazer Mid",XL,NULL,7063.25,,0,2024-11-14,Online,Mumbai,3746.48
2003,Women,Training,"ZoomX Invincible",XL,4.0,7850.87,1.02,-628.07,2025-04-01,Online,Kolkata,992.14
2744,Men,Running,"Pegasus Turbo",,1.0,7951.27,,0,NULL,Retail,Delhi,-154.17
2747,Men,Soccer,"Tiempo Legend",XL,4.0,2483.97,,0,NULL,Online,Delhi,-609.36
2748,Men,Basketball,"Kyrie Flytrap",XL,NULL,,0.05,0,2024-08-14,Retail,Pune,1010.96
2028,Kids,Training,"ZoomX Invincible",,NULL,5474.79,,0,2025-03-01,Online,Pune,-682.62
2750,Women,Lifestyle,"Dunk Low",L,NULL,,,0,NULL,Online,Hyderabad,2924.09
2751,Men,Basketball,"Air Jordan",XL,NULL,4776.83,,0,2025-03-09,Retail,Delhi,2857.99
2752,Kids,Lifestyle,"Waffle One",,0.0,,,0,2025-02-23,Retail,Pune,341.26
2753,Men,Running,"Pegasus Turbo",L,NULL,,,0,2024-12-02,Retail,Kolkata,-364.23
2754,Kids,Training,"ZoomX Invincible",XL,1.0,,,0,2025-01-03,Online,Kolkata,3565.12
2755,Men,Running,"React Infinity",M,3.0,8574.0,,0,2024-12-24,Online,Bangalore,161.95
2756,Women,Lifestyle,"Waffle One",,NULL,8510.85,1.11,0,2023-09-21,Retail,Bangalore,1491.91
2757,Men,Soccer,"Phantom GT",,0.0,3101.14,,0,2025-05-21,Online,Hyderabad,-271.85
2758,Women,Lifestyle,"Waffle One",M,NULL,,,0,NULL,Online,Pune,3986.03
2759,Kids,Soccer,"Premier III",,NULL,,,0,2024-01-26,Retail,Delhi,1822.72
2760,Men,Training,"SuperRep Go",7,NULL,,,0,2025-05-28,Online,Mumbai,1496.19
2761,Kids,Soccer,"Premier III",M,4.0,,,0,NULL,Retail,Delhi,2588.03
2762,Women,Running,"Pegasus Turbo",L,2.0,,,0,NULL,Retail,Mumbai,-355.55
2763,Women,Soccer,"Phantom GT",10,4.0,3328.58,,0,2024-07-31,Online,Pune,-763.34
2764,Kids,Lifestyle,"Blazer Mid",,NULL,7776.94,,0,2025-03-17,Retail,Kolkata,-532.24
2765,Women,Soccer,"Premier III",M,NULL,6370.84,,0,2025-06-24,Online,Mumbai,1609.7
2767,Kids,Basketball,"Zoom Freak",L,NULL,6887.39,,0,2025-07-21,Online,Delhi,1562.76
2768,Men,Basketball,"LeBron 20",,NULL,,,0,2025-01-03,Online,Pune,3525.96
2050,Men,Basketball,"LeBron 20",,NULL,8335.48,0.57,0,2025-06-30,Retail,Mumbai,832.37
2770,Men,Soccer,"Tiempo Legend",9,NULL,,0.7,0,2024-08-22,Online,Kolkata,-1095.12
2771,Men,Running,"Pegasus Turbo",M,NULL,5222.92,,0,2025-05-26,Online,Delhi,1804.67
2772,Kids,Basketball,"Zoom Freak",12,NULL,,,0,2025-01-04,Online,Pune,2332.29
2773,Women,Training,"ZoomX Invincible",M,1.0,5045.62,1.21,-1059.58,2025-04-02,Online,Hyderabad,1191.02
2774,Women,Running,"Free RN",XL,NULL,,,0,NULL,Online,Bangalore,585.97
2775,Men,Lifestyle,"Air Force 1",,NULL,,0.73,0,NULL,Online,Pune,2329.33
2776,Men,Training,"Flex Trainer",L,NULL,,,0,2025-03-17,Retail,Mumbai,1143.68
2777,Kids,Basketball,"Air Jordan",XL,NULL,9062.25,,0,NULL,Retail,Kolkata,-9.69
2778,Kids,Soccer,"Phantom GT",11,0.0,4462.26,,0,2025-06-20,Online,Hyderabad,1006.73
2779,Kids,Basketball,"Kyrie Flytrap",,NULL,,0.09,0,2024-12-06,Online,Bangalore,-187.36
2780,Men,Training,"Metcon 7",6,1.0,4308.75,0.32,2929.95,NULL,Online,Hyderabad,799.35
2781,Men,Training,"Metcon 7",12,1.0,6546.59,0.68,2094.91,2023-09-03,Retail,Bangalore,1504.31
2782,Women,Training,"ZoomX Invincible",8,NULL,8292.37,,0,NULL,Online,Pune,-816.55
2783,Women,Running,"React Infinity",,NULL,,0.36,0,2024-09-08,Retail,Pune,134.95
2784,Women,Basketball,"Kyrie Flytrap",M,NULL,,,0,2025-01-28,Online,Pune,2982.03
2785,Women,Lifestyle,"Blazer Mid",L,2.0,,,0,2024-10-20,Retail,Hyderabad,-834.71
2786,Women,Lifestyle,"Blazer Mid",9,NULL,,0.59,0,2024-10-20,Online,Hyderabad,3872.35
2787,Kids,Training,"Metcon 7",12,3.0,3440.88,,0,2024-08-31,Online,Pune,22.93
2788,Women,Soccer,"Mercurial Superfly",M,NULL,7478.84,,0,2024-01-04,Retail,Hyderabad,-18.4
2789,Kids,Lifestyle,"Dunk Low",M,NULL,,,0,2024-01-15,Retail,Kolkata,1756.75
2790,Kids,Running,"React Infinity",XL,NULL,,,0,2024-08-17,Retail,Delhi,2554.82
2791,Kids,Training,"Metcon 7",M,NULL,,,0,2024-05-29,Retail,Delhi,1194.43
2793,Men,Running,"Pegasus Turbo",XL,0.0,,,0,2024-10-12,Retail,Bangalore,922.24
2794,Women,Soccer,"Mercurial Superfly",,NULL,,1.22,0,NULL,Online,Mumbai,3833.78
2795,Women,Running,"React Infinity",L,0.0,,,0,NULL,Retail,Delhi,-615.37
2797,Women,Lifestyle,"Dunk Low",,NULL,2162.29,,0,2025-03-30,Retail,Delhi,3158.47
2798,Kids,Lifestyle,"Dunk Low",M,NULL,8546.98,,0,NULL,Retail,Mumbai,430.88
2799,Kids,Training,"SuperRep Go",,3.0,2359.47,0.54,3256.07,2025-07-08,Online,Mumbai,3165.65
2800,Women,Running,"React Infinity",6,0.0,8737.08,0.9,0,2025-03-13,Online,Delhi,1737
2801,Women,Running,"React Infinity",8,2.0,,,0,2024-02-13,Retail,Mumbai,2966.12
2802,Men,Running,"Free RN",L,3.0,,,0,2024-01-19,Online,Kolkata,-231.73
2803,Women,Soccer,"Mercurial Superfly",XL,0.0,,,0,2023-11-02,Online,Hyderabad,83.11
2806,Kids,Basketball,"Kyrie Flytrap",7,3.0,4466.78,,0,2024-02-10,Online,Bangalore,2407.08
2807,Kids,Training,"ZoomX Invincible",L,2.0,,,0,2024-10-01,Online,Hyderabad,875.36
2808,Women,Running,"Pegasus Turbo",L,0.0,7810.49,,0,NULL,Online,Bangalore,-65.85
2809,Women,Running,"Free RN",,0.0,3260.38,0.08,0,NULL,Retail,Mumbai,-554.84
2810,Men,Running,"Air Zoom",7,2.0,2943.44,0.53,2766.83,NULL,Retail,Hyderabad,405.67
2811,Men,Basketball,"Zoom Freak",8,3.0,9153.02,,0,2025-01-24,Retail,Bangalore,-77.61
2812,Men,Basketball,"LeBron 20",,2.0,9507.39,0.01,18824.63,2024-08-08,Online,Kolkata,2570.01
2813,Men,Running,"Free RN",M,4.0,7450.8,,0,NULL,Online,Bangalore,2098.29
2814,Kids,Running,"React Infinity",M,0.0,,,0,2024-10-07,Online,Delhi,1702.06
2815,Kids,Training,"Flex Trainer",L,0.0,,1.16,0,NULL,Online,Kolkata,3281.98
2816,Men,Basketball,"LeBron 20",M,3.0,5983.35,,0,2025-01-22,Retail,Hyderabad,916.13
2032,Women,Soccer,"Mercurial Superfly",10,2.0,,0.96,0,2024-10-16,Online,Kolkata,-596.41
2819,Kids,Soccer,"Premier III",9,NULL,7645.41,,0,2025-01-20,Retail,Bangalore,593.62
2820,Women,Lifestyle,"Blazer Mid",M,4.0,8659.15,,0,2024-08-05,Online,Mumbai,2078.39
2821,Kids,Lifestyle,"Air Force 1",,0.0,3360.35,,0,2025-04-08,Online,Delhi,2991.25
2822,Women,Lifestyle,"Blazer Mid",11,NULL,8314.34,,0,2025-07-10,Retail,Bangalore,-1145.98
2823,Men,Soccer,"Mercurial Superfly",L,1.0,,,0,2024-07-27,Retail,Mumbai,-1125.91
2824,Men,Basketball,"Air Jordan",L,4.0,5123.35,,0,2024-11-02,Online,Mumbai,1620.37
2825,Kids,Training,"SuperRep Go",M,NULL,,,0,NULL,Retail,Pune,2322.87
2826,Kids,Lifestyle,"Blazer Mid",M,2.0,,0.01,0,NULL,Retail,Bangalore,262.81
2827,Men,Basketball,"Air Jordan",L,0.0,4278.28,1.17,0,2025-01-27,Retail,Hyderabad,860.32
2828,Women,Training,"ZoomX Invincible",XL,NULL,2095.0,,0,2024-09-05,Online,Hyderabad,-831.4
2829,Men,Basketball,"LeBron 20",XL,NULL,,,0,2024-07-17,Online,Kolkata,2539.92
2831,Women,Training,"SuperRep Go",7,4.0,,,0,2024-11-10,Online,Mumbai,3134.87
2832,Kids,Basketball,"Kyrie Flytrap",,0.0,,0.15,0,2024-05-17,Retail,Hyderabad,752
2833,Women,Training,"Flex Trainer",XL,4.0,2224.9,,0,2025-01-19,Online,Pune,-16.04
2835,Women,Lifestyle,"Air Force 1",,NULL,9240.64,0.63,0,2024-10-07,Retail,Pune,1873.76
2836,Men,Basketball,"Kyrie Flytrap",L,0.0,9098.9,0.75,0,2025-07-22,Retail,Delhi,2729.87
2837,Women,Running,"Pegasus Turbo",L,NULL,8889.68,,0,NULL,Online,Mumbai,2191.17
2838,Women,Basketball,"Air Jordan",XL,4.0,8605.73,,0,2025-01-08,Retail,Pune,-990.99
2839,Men,Lifestyle,"Waffle One",6,NULL,,,0,2025-03-03,Online,Hyderabad,2992.52
2841,Men,Basketball,"LeBron 20",M,1.0,4166.94,,0,NULL,Online,Delhi,2865.93
2843,Men,Training,"SuperRep Go",12,NULL,,,0,2025-04-25,Online,Mumbai,3574.05
2844,Men,Lifestyle,"Waffle One",,2.0,6495.53,0.23,10003.12,NULL,Retail,Mumbai,-951.85
2845,Men,Training,"ZoomX Invincible",,NULL,,,0,2023-10-31,Retail,Pune,40.98
2846,Kids,Training,"ZoomX Invincible",L,NULL,2932.99,,0,2024-10-29,Online,Pune,-543.26
2847,Men,Training,"Metcon 7",XL,0.0,,0.16,0,2024-11-16,Online,Bangalore,3988.85
2848,Kids,Running,"Free RN",8,NULL,9476.8,0.03,0,2024-08-14,Online,Hyderabad,-350.03
2008,Men,Running,"Air Zoom",XL,NULL,,,0,2024-07-25,Retail,Mumbai,-639.42
2850,Kids,Lifestyle,"Waffle One",XL,2.0,,,0,2024-11-10,Retail,Pune,458.86
2851,Kids,Lifestyle,"Blazer Mid",XL,NULL,2241.11,,0,2024-12-28,Online,Mumbai,1243.95
2852,Kids,Running,"React Infinity",8,NULL,,,0,NULL,Online,Delhi,-234.16
2853,Women,Basketball,"Kyrie Flytrap",XL,NULL,,,0,2025-02-06,Retail,Hyderabad,3841.05
2855,Kids,Basketball,"Air Jordan",,NULL,2809.8,,0,2025-04-20,Online,Mumbai,-425.73
2856,Kids,Basketball,"Kyrie Flytrap",M,NULL,,1.14,0,2023-10-12,Online,Kolkata,3137.85
2857,Women,Running,"React Infinity",10,NULL,4105.44,0.73,0,2024-08-25,Online,Kolkata,3197.09
2858,Kids,Lifestyle,"Air Force 1",,0.0,,0.6,0,2024-10-26,Retail,Pune,2847.01
2859,Women,Lifestyle,"Air Force 1",7,NULL,,,0,NULL,Online,Pune,566.34
2861,Kids,Training,"ZoomX Invincible",XL,0.0,,,0,2025-04-20,Online,Pune,650.99
2862,Kids,Soccer,"Phantom GT",9,4.0,7940.29,1.02,-635.22,2024-11-11,Retail,Delhi,1803.25
2863,Women,Training,"Metcon 7",6,NULL,8609.77,,0,2024-11-23,Retail,Pune,-711.07
2865,Women,Soccer,"Phantom GT",,1.0,,0.71,0,2024-12-16,Retail,Kolkata,-94.06
2866,Kids,Training,"SuperRep Go",11,2.0,,,0,2025-01-09,Online,Pune,273.28
2867,Men,Soccer,"Mercurial Superfly",11,1.0,9936.58,,0,2025-02-20,Online,Hyderabad,3190.43
2868,Women,Running,"React Infinity",M,NULL,7379.45,,0,2024-10-23,Retail,Delhi,-688.14
2869,Kids,Soccer,"Premier III",M,4.0,,,0,2024-07-26,Online,Pune,1550.3
2870,Kids,Training,"Metcon 7",M,1.0,9633.68,,0,2024-10-05,Retail,Delhi,771.96
2871,Men,Training,"Flex Trainer",M,1.0,2294.09,,0,2025-07-22,Retail,Bangalore,1002.21
2872,Men,Basketball,"Kyrie Flytrap",M,NULL,3953.13,,0,2024-01-08,Online,Kolkata,3414.32
2873,Women,Running,"Air Zoom",,NULL,9050.52,0.86,0,NULL,Retail,Bangalore,3364.79
2874,Women,Soccer,"Mercurial Superfly",L,NULL,,0.01,0,2024-03-04,Retail,Delhi,-109.71
2875,Women,Lifestyle,"Dunk Low",L,4.0,7401.53,,0,2024-09-16,Retail,Bangalore,1559.28
2876,Kids,Lifestyle,"Waffle One",,NULL,,,0,2024-08-21,Retail,Hyderabad,-94.98
2877,Women,Basketball,"Kyrie Flytrap",,NULL,,,0,2024-12-08,Retail,Kolkata,3327.04
2878,Women,Training,"ZoomX Invincible",M,NULL,9213.58,1.23,0,NULL,Retail,Hyderabad,3968.86
2879,Kids,Basketball,"Zoom Freak",M,NULL,2831.62,,0,2025-02-03,Retail,Bangalore,1053.25
2880,Kids,Basketball,"Air Jordan",9,0.0,8132.33,0.63,0,2025-05-19,Retail,Delhi,191.67
2050,Kids,Basketball,"Zoom Freak",6,3.0,,,0,2025-06-30,Retail,Kolkata,-1000.03
2882,Men,Training,"Metcon 7",9,2.0,,0.9,0,NULL,Retail,Kolkata,-127.44
2883,Kids,Soccer,"Premier III",,NULL,,,0,2025-03-24,Online,Delhi,1627.33
2884,Kids,Running,"Pegasus Turbo",7,NULL,9897.0,,0,2025-05-10,Online,Hyderabad,-156.47
2885,Women,Lifestyle,"Blazer Mid",XL,0.0,7671.31,,0,NULL,Retail,Kolkata,3394.27
2886,Kids,Running,"Free RN",XL,0.0,8164.32,0.94,0,2024-08-19,Retail,Pune,286.3
2887,Women,Lifestyle,"Waffle One",L,NULL,9292.33,,0,2024-02-25,Online,Hyderabad,3747.95
2888,Kids,Running,"Air Zoom",L,NULL,8956.73,1.17,0,2025-06-24,Online,Pune,2320.49
2889,Women,Basketball,"Zoom Freak",M,NULL,,1.23,0,2024-09-01,Online,Hyderabad,2447.88
2890,Men,Soccer,"Phantom GT",L,NULL,,,0,2025-05-23,Retail,Bangalore,-147.78
2891,Women,Running,"Air Zoom",,0.0,,,0,NULL,Retail,Hyderabad,439.35
2892,Women,Running,"Free RN",M,4.0,,,0,2024-11-24,Online,Bangalore,-1195.79
2893,Women,Running,"React Infinity",10,1.0,,0.61,0,2025-04-01,Retail,Delhi,780.43
2894,Women,Lifestyle,"Air Force 1",L,NULL,,,0,2024-11-20,Retail,Hyderabad,1796.17
2895,Kids,Running,"React Infinity",,3.0,,,0,2024-08-03,Online,Pune,677.85
2896,Kids,Training,"SuperRep Go",7,NULL,6252.51,0.47,0,2025-02-15,Online,Delhi,-1104.33
2897,Men,Lifestyle,"Waffle One",,1.0,,0.11,0,NULL,Retail,Kolkata,221.95
2898,Women,Running,"Free RN",6,1.0,,,0,NULL,Retail,Kolkata,-744.45
2899,Men,Basketball,"LeBron 20",L,3.0,6531.36,,0,2025-05-17,Online,Mumbai,-91.78
2006,Men,Lifestyle,"Waffle One",XL,2.0,,,0,2023-09-26,Retail,Mumbai,-716.79
2005,Kids,Soccer,"Mercurial Superfly",10,NULL,9794.84,,0,NULL,Retail,Hyderabad,2253.08
2902,Kids,Basketball,"Kyrie Flytrap",10,NULL,8138.68,,0,2025-05-13,Retail,Kolkata,2604.35
2903,Men,Soccer,"Phantom GT",M,NULL,2735.54,,0,2024-09-05,Retail,Delhi,2944.26
2904,Women,Soccer,"Tiempo Legend",9,2.0,8644.67,0.54,7953.1,2025-04-29,Online,Bangalore,2711.75
2905,Men,Running,"React Infinity",M,NULL,5762.39,,0,2025-07-15,Retail,Hyderabad,-584.1
2906,Women,Lifestyle,"Waffle One",7,1.0,,,0,2024-08-25,Retail,Delhi,-291.45
2907,Men,Soccer,"Premier III",L,NULL,8432.5,,0,2024-02-25,Retail,Kolkata,3790.63
2908,Men,Running,"Pegasus Turbo",M,NULL,,0.53,0,2024-11-22,Retail,Hyderabad,-74
2909,Women,Running,"Air Zoom",XL,NULL,7617.75,0.33,0,2024-08-20,Retail,Pune,-186.9
2910,Kids,Training,"Flex Trainer",9,NULL,,0.49,0,2025-04-15,Retail,Bangalore,1818.49
2911,Kids,Basketball,"Zoom Freak",M,NULL,,,0,2023-10-26,Retail,Mumbai,927.88
2912,Kids,Running,"React Infinity",XL,2.0,9839.63,0.98,393.59,2024-03-07,Online,Bangalore,1218.22
2913,Women,Lifestyle,"Dunk Low",8,NULL,,0.3,0,2025-06-25,Online,Pune,-1036.78
2914,Men,Soccer,"Tiempo Legend",L,NULL,7603.38,1.25,0,2025-03-25,Online,Mumbai,-950.86
2915,Men,Basketball,"Kyrie Flytrap",XL,1.0,4994.83,,0,NULL,Retail,Mumbai,629.34
2916,Kids,Lifestyle,"Blazer Mid",XL,NULL,,,0,2024-08-05,Retail,Hyderabad,-1121.25
2917,Men,Soccer,"Phantom GT",,1.0,3204.72,,0,2024-12-21,Retail,Bangalore,1916.14
2918,Men,Training,"SuperRep Go",M,NULL,,,0,2024-11-07,Retail,Mumbai,1398.13
2919,Men,Soccer,"Premier III",M,NULL,7323.53,,0,2025-04-01,Retail,Bangalore,488.37
2920,Kids,Soccer,"Mercurial Superfly",9,2.0,5891.32,1.18,-2120.88,NULL,Retail,Kolkata,345.7
2921,Kids,Training,"Metcon 7",M,NULL,9092.33,0.39,0,2025-01-13,Retail,Bangalore,2826.57
2922,Kids,Soccer,"Tiempo Legend",XL,2.0,,1.2,0,2025-01-16,Online,Kolkata,3495.67
2923,Women,Training,"Metcon 7",XL,NULL,6991.93,,0,NULL,Online,Mumbai,-371.76
2924,Women,Basketball,"LeBron 20",XL,NULL,8776.01,,0,NULL,Retail,Bangalore,-71.05
2006,Men,Lifestyle,"Waffle One",XL,4.0,6064.42,,0,NULL,Online,Hyderabad,2936.55
2026,Women,Soccer,"Premier III",,NULL,,,0,2024-10-01,Retail,Mumbai,111.21
2927,Men,Training,"Flex Trainer",L,NULL,6316.75,,0,NULL,Retail,Mumbai,1560.89
2928,Women,Lifestyle,"Waffle One",6,3.0,,,0,2024-09-07,Online,Delhi,-1064.86
2929,Kids,Soccer,"Tiempo Legend",M,NULL,6589.95,,0,2024-04-01,Retail,Hyderabad,157.26
2930,Women,Basketball,"Air Jordan",L,NULL,,0.57,0,2024-12-20,Retail,Bangalore,819.42
2931,Men,Basketball,"Zoom Freak",7,NULL,,,0,2023-08-25,Retail,Pune,3751.45
2932,Kids,Running,"Air Zoom",12,0.0,,0.35,0,2025-03-01,Online,Bangalore,-427.86
2933,Women,Training,"ZoomX Invincible",,2.0,9501.17,,0,2024-04-13,Retail,Hyderabad,1069.32
2935,Men,Lifestyle,"Dunk Low",L,4.0,,,0,2024-05-13,Online,Hyderabad,478.07
2936,Women,Training,"Flex Trainer",XL,1.0,6496.58,0.29,4612.57,2024-07-31,Retail,Pune,1933.1
2937,Women,Training,"Metcon 7",8,NULL,,1.25,0,NULL,Online,Delhi,1558.24
2938,Kids,Soccer,"Phantom GT",L,1.0,,,0,2025-01-14,Online,Delhi,2596.64
2939,Women,Basketball,"Air Jordan",XL,4.0,6858.76,,0,NULL,Retail,Mumbai,639.03
2942,Women,Training,"Flex Trainer",10,4.0,5222.39,0.57,8982.51,2025-04-16,Online,Bangalore,-68.53
2944,Women,Training,"ZoomX Invincible",,NULL,9738.93,,0,2024-10-06,Retail,Pune,261.36
2946,Kids,Running,"Free RN",XL,NULL,5691.68,0.62,0,NULL,Retail,Bangalore,3129.43
2947,Women,Lifestyle,"Blazer Mid",XL,NULL,4113.48,0.38,0,2024-12-04,Online,Mumbai,1604.63
2948,Men,Basketball,"Kyrie Flytrap",6,0.0,,0.16,0,2025-04-19,Online,Kolkata,1708.88
2949,Men,Running,"React Infinity",M,NULL,,0.49,0,2025-07-05,Online,Delhi,698.79
2950,Women,Running,"React Infinity",M,NULL,9151.36,,0,NULL,Online,Pune,2540.27
2036,Women,Soccer,"Premier III",XL,2.0,,0.76,0,NULL,Online,Mumbai,2469.75
2952,Kids,Training,"SuperRep Go",XL,NULL,5443.44,,0,2024-09-13,Retail,Kolkata,2237.39
2049,Men,Training,"Metcon 7",M,2.0,,1.08,0,2024-12-04,Online,Bangalore,-400.59
2955,Kids,Basketball,"LeBron 20",XL,NULL,9846.09,0.12,0,2024-07-30,Retail,Kolkata,2250.93
2956,Kids,Training,"ZoomX Invincible",,4.0,,0.86,0,2024-05-16,Online,Mumbai,3144.87
2957,Men,Basketball,"Zoom Freak",XL,NULL,5348.89,0.47,0,2024-11-19,Online,Kolkata,753.26
2958,Women,Lifestyle,"Blazer Mid",,4.0,7898.87,,0,2025-05-07,Online,Mumbai,1097.55
2959,Women,Training,"SuperRep Go",M,NULL,,,0,NULL,Retail,Delhi,3166.22
2960,Men,Training,"ZoomX Invincible",M,NULL,,,0,NULL,Retail,Hyderabad,2620.93
2961,Kids,Soccer,"Tiempo Legend",XL,NULL,,,0,2024-11-21,Retail,Mumbai,665.39
2963,Kids,Training,"Flex Trainer",XL,NULL,,,0,2025-06-10,Retail,Bangalore,1172.39
2965,Men,Training,"Metcon 7",XL,NULL,2171.48,,0,2025-04-28,Retail,Bangalore,3079.48
2966,Kids,Training,"Flex Trainer",8,3.0,,,0,2025-02-27,Online,Pune,333.36
2035,Men,Lifestyle,"Dunk Low",L,NULL,3598.07,1.1,0,NULL,Retail,Kolkata,3466.33
2968,Kids,Training,"Flex Trainer",XL,NULL,5283.1,,0,2025-01-24,Retail,Bangalore,575.73
2969,Men,Training,"ZoomX Invincible",M,NULL,,,0,2025-07-19,Online,Pune,2323.02
2970,Men,Basketball,"Air Jordan",,NULL,,,0,NULL,Online,Bangalore,-617.91
2971,Women,Lifestyle,"Dunk Low",,NULL,9330.31,,0,2024-11-10,Online,Pune,-610.6
2972,Women,Soccer,"Phantom GT",M,NULL,,,0,2024-10-05,Online,Kolkata,1995.69
2973,Kids,Soccer,"Phantom GT",XL,NULL,3347.42,,0,2024-10-31,Online,Bangalore,2234.16
2974,Men,Running,"Pegasus Turbo",,3.0,,1.01,0,NULL,Online,Bangalore,-29.28
2975,Kids,Soccer,"Mercurial Superfly",10,1.0,5037.43,,0,2024-11-10,Online,Delhi,3279.17
2976,Men,Running,"Pegasus Turbo",,NULL,6703.48,,0,2024-08-08,Retail,Hyderabad,2966.44
2977,Kids,Training,"ZoomX Invincible",8,3.0,2959.26,0.37,5593,NULL,Online,Kolkata,-821.76
2978,Women,Running,"Air Zoom",,NULL,,1.17,0,2025-04-14,Retail,Kolkata,-581.26
2979,Men,Soccer,"Mercurial Superfly",,NULL,,,0,NULL,Retail,Bangalore,762.54
2980,Women,Running,"React Infinity",L,4.0,8899.81,,0,NULL,Retail,Bangalore,3075.35
2981,Kids,Soccer,"Premier III",M,4.0,5185.52,,0,2025-01-10,Retail,Pune,2777.67
2982,Men,Lifestyle,"Dunk Low",L,NULL,,0.54,0,2025-06-07,Online,Kolkata,1541.73
2983,Women,Running,"Pegasus Turbo",XL,NULL,8203.8,0.03,0,NULL,Retail,Bangalore,2968.2
2984,Men,Soccer,"Phantom GT",XL,NULL,4343.12,,0,2024-09-06,Online,Kolkata,3073.4
2985,Kids,Running,"Free RN",,NULL,8996.05,0.48,0,2024-05-16,Online,Bangalore,3419.45
2986,Kids,Basketball,"LeBron 20",M,NULL,6877.77,0.09,0,2025-04-10,Online,Pune,2303.27
2987,Women,Soccer,"Premier III",L,NULL,,,0,2024-08-08,Online,Pune,2365.7
2009,Women,Lifestyle,"Dunk Low",M,NULL,6481.4,0.84,0,2024-07-26,Retail,Bangalore,522.93
2989,Men,Soccer,"Mercurial Superfly",M,1.0,6429.61,,0,2024-02-14,Online,Bangalore,2459.52
2990,Kids,Basketball,"Kyrie Flytrap",XL,NULL,2601.99,,0,2024-09-23,Retail,Bangalore,570.47
2991,Men,Training,"SuperRep Go",M,NULL,4004.4,1.23,0,NULL,Retail,Pune,3772.99
2992,Men,Soccer,"Premier III",L,NULL,,,0,2024-10-24,Online,Kolkata,2276.99
2993,Men,Soccer,"Premier III",M,4.0,,,0,2024-10-13,Retail,Hyderabad,1770.74
2994,Women,Lifestyle,"Air Force 1",11,NULL,2932.39,0.98,0,2024-12-07,Retail,Mumbai,2962.69
2995,Kids,Lifestyle,"Blazer Mid",L,NULL,8679.97,,0,NULL,Online,Delhi,-651.61
2996,Women,Basketball,"Air Jordan",11,NULL,,,0,2025-07-01,Online,Pune,3753.82
2998,Women,Training,"Flex Trainer",,NULL,8835.27,0.76,0,2025-06-05,Online,Delhi,1637.2
2033,Women,Soccer,"Premier III",,0.0,,0.39,0,NULL,Online,Kolkata,400.37
3000,Kids,Running,"Free RN",M,1.0,,,0,NULL,Retail,Mumbai,-1110.62
3001,Men,Soccer,"Premier III",L,NULL,,,0,2024-01-25,Online,Delhi,-362.26
3002,Women,Lifestyle,"Waffle One",,4.0,,,0,2024-11-22,Retail,Delhi,3535.87
3003,Men,Basketball,"Zoom Freak",XL,2.0,,,0,2023-08-03,Online,Bangalore,-646.26
3004,Men,Training,"ZoomX Invincible",XL,2.0,6897.68,,0,NULL,Retail,Pune,2708.1
3005,Women,Basketball,"Zoom Freak",9,NULL,,0.19,0,2025-04-23,Online,Delhi,3295.17
3006,Kids,Lifestyle,"Blazer Mid",8,4.0,,0.89,0,NULL,Online,Pune,1932.88
3007,Women,Soccer,"Tiempo Legend",12,1.0,7680.16,1.23,-1766.44,2025-05-30,Online,Bangalore,-1076.72
3008,Men,Soccer,"Phantom GT",,NULL,,0.28,0,NULL,Online,Pune,401.12
3009,Men,Lifestyle,"Waffle One",L,NULL,,,0,2024-08-15,Online,Bangalore,3724.01
3010,Women,Soccer,"Tiempo Legend",,NULL,,,0,2025-05-05,Online,Pune,-311.32
3011,Women,Running,"Pegasus Turbo",7,1.0,,0.5,0,NULL,Retail,Hyderabad,3074.24
3012,Men,Lifestyle,"Blazer Mid",L,2.0,3758.51,,0,NULL,Retail,Hyderabad,94.77
3013,Kids,Basketball,"Zoom Freak",XL,4.0,,0.96,0,2025-06-16,Retail,Kolkata,1039.09
3014,Men,Running,"Air Zoom",,0.0,,,0,2025-01-30,Retail,Hyderabad,-1004.97
3016,Women,Running,"Air Zoom",M,0.0,8931.44,,0,2024-08-31,Retail,Bangalore,868.59
3017,Women,Basketball,"LeBron 20",6,NULL,8240.15,,0,NULL,Retail,Delhi,3355.12
3018,Kids,Soccer,"Premier III",11,NULL,,,0,2024-08-22,Retail,Kolkata,3364.85
3019,Women,Running,"Free RN",XL,NULL,9942.61,,0,2023-12-19,Retail,Kolkata,1316.3
3020,Kids,Lifestyle,"Dunk Low",L,1.0,6153.37,,0,NULL,Retail,Hyderabad,493.35
3021,Women,Soccer,"Mercurial Superfly",6,4.0,,0.42,0,2023-09-21,Retail,Hyderabad,3050.7
3023,Kids,Basketball,"Zoom Freak",,NULL,2493.28,,0,2024-05-19,Retail,Delhi,708.93
3024,Kids,Running,"Free RN",,NULL,,1.04,0,2024-12-07,Online,Mumbai,-687.3
3025,Kids,Lifestyle,"Blazer Mid",L,4.0,,,0,2024-08-25,Retail,Hyderabad,3005.88
3026,Women,Lifestyle,"Blazer Mid",10,NULL,,,0,2025-03-12,Online,Bangalore,-127.25
3027,Women,Training,"SuperRep Go",L,2.0,9593.27,,0,2024-10-25,Retail,Delhi,-1038.79
3028,Kids,Running,"Air Zoom",L,4.0,5837.53,,0,2025-01-29,Retail,Kolkata,-471.86
3029,Kids,Training,"ZoomX Invincible",M,NULL,,,0,NULL,Retail,Bangalore,2696.49
3030,Men,Soccer,"Mercurial Superfly",,3.0,6969.28,0.58,8781.29,2023-08-08,Online,Kolkata,98.19
3031,Kids,Soccer,"Premier III",M,4.0,8588.14,,0,2023-10-11,Online,Kolkata,-117.68
3032,Men,Running,"React Infinity",XL,0.0,,,0,2025-01-16,Online,Mumbai,450.75
3033,Men,Training,"ZoomX Invincible",M,NULL,9397.68,0.74,0,2024-11-21,Retail,Hyderabad,313.58
3034,Men,Soccer,"Premier III",M,2.0,,0.79,0,NULL,Online,Pune,460.06
3035,Kids,Training,"Flex Trainer",12,4.0,9625.47,,0,NULL,Retail,Hyderabad,-419.24
3036,Kids,Lifestyle,"Dunk Low",11,2.0,2879.09,,0,2024-10-15,Retail,Hyderabad,1129.11
2033,Kids,Lifestyle,"Waffle One",M,NULL,,,0,2025-01-22,Online,Kolkata,-679.74
3038,Kids,Lifestyle,"Air Force 1",M,0.0,4195.03,,0,2025-01-27,Retail,Delhi,1068.18
3039,Kids,Soccer,"Premier III",10,NULL,5366.19,,0,2024-03-17,Online,Pune,638.3
3040,Women,Lifestyle,"Waffle One",XL,NULL,,,0,2024-08-12,Online,Hyderabad,3833.04
3041,Kids,Lifestyle,"Waffle One",9,NULL,4884.55,,0,2025-01-03,Online,Bangalore,-1182.29
3042,Men,Lifestyle,"Air Force 1",M,1.0,,,0,NULL,Online,Delhi,3750.11
3043,Men,Running,"React Infinity",L,2.0,,,0,2025-04-11,Retail,Delhi,147.79
3044,Kids,Lifestyle,"Air Force 1",7,3.0,4222.2,,0,NULL,Retail,Hyderabad,931.4
3045,Kids,Soccer,"Premier III",XL,1.0,2196.2,,0,NULL,Retail,Bangalore,3809.54
3046,Men,Basketball,"Air Jordan",11,NULL,4597.23,,0,2025-05-26,Online,Bangalore,3277.67
3047,Women,Basketball,"Kyrie Flytrap",,3.0,6175.84,0.9,1852.75,2024-10-14,Online,Hyderabad,-960.94
3048,Women,Lifestyle,"Waffle One",6,1.0,,0.23,0,2025-07-17,Retail,Hyderabad,517.17
3049,Kids,Lifestyle,"Air Force 1",11,NULL,,1.06,0,2025-06-22,Online,Pune,-156.45
3050,Kids,Basketball,"Kyrie Flytrap",,4.0,,,0,NULL,Online,Delhi,205.25
3051,Men,Training,"Metcon 7",M,NULL,,,0,2024-07-28,Online,Bangalore,166.42
3052,Kids,Running,"React Infinity",M,NULL,9448.34,0.78,0,2025-03-03,Online,Delhi,-871.1
3053,Women,Lifestyle,"Air Force 1",L,NULL,6323.09,1.0,0,2024-09-18,Retail,Mumbai,1283.62
3054,Men,Soccer,"Premier III",M,NULL,6667.47,,0,2024-12-17,Retail,Pune,-402.6
2048,Kids,Basketball,"LeBron 20",XL,NULL,5357.49,,0,NULL,Online,Pune,-548
3056,Men,Training,"ZoomX Invincible",12,NULL,,,0,NULL,Online,Mumbai,544.14
3057,Women,Soccer,"Mercurial Superfly",,NULL,4244.95,,0,2025-01-21,Retail,Bangalore,3693.98
3059,Women,Running,"React Infinity",L,3.0,,1.0,0,2025-06-19,Online,Hyderabad,3692.43
3060,Women,Running,"Free RN",L,NULL,,,0,2024-09-09,Retail,Bangalore,-1137.29
3061,Kids,Running,"Pegasus Turbo",XL,NULL,,,0,NULL,Retail,Mumbai,-549.05
3062,Women,Soccer,"Phantom GT",,1.0,6936.34,0.46,3745.62,2025-03-19,Retail,Mumbai,1647.34
3063,Kids,Running,"Air Zoom",M,2.0,9676.61,,0,2025-04-20,Online,Mumbai,3674.74
3064,Men,Soccer,"Tiempo Legend",,NULL,6041.3,,0,2024-01-11,Retail,Pune,-1048.54
3065,Women,Running,"Free RN",12,NULL,,,0,NULL,Online,Kolkata,3909.92
3066,Kids,Training,"ZoomX Invincible",L,NULL,,,0,2024-03-01,Online,Mumbai,1383.01
3067,Men,Lifestyle,"Blazer Mid",9,4.0,,,0,2024-03-05,Retail,Hyderabad,1939.56
3068,Kids,Lifestyle,"Air Force 1",L,4.0,4867.07,1.21,-4088.34,2025-05-25,Online,Delhi,2863.56
3069,Men,Training,"Metcon 7",L,1.0,,1.23,0,2025-04-13,Online,Hyderabad,-6.91
3070,Women,Running,"Air Zoom",M,NULL,6737.19,1.02,0,NULL,Online,Hyderabad,2150.16
3071,Women,Running,"Air Zoom",,NULL,5081.53,,0,2023-10-21,Online,Mumbai,-663.86
3072,Men,Training,"Flex Trainer",9,NULL,,,0,2024-08-26,Retail,Mumbai,2621.5
3073,Men,Training,"ZoomX Invincible",,NULL,,,0,2025-06-14,Retail,Mumbai,1992.12
3074,Women,Running,"Free RN",M,NULL,,,0,NULL,Online,Hyderabad,1216.34
3075,Kids,Soccer,"Premier III",L,NULL,,0.91,0,2025-05-28,Retail,Mumbai,3594.94
2044,Kids,Lifestyle,"Blazer Mid",9,NULL,4032.43,,0,NULL,Online,Hyderabad,2059.4
3077,Men,Lifestyle,"Dunk Low",XL,NULL,,0.46,0,NULL,Online,Pune,3700.77
3078,Men,Running,"Free RN",M,1.0,2555.18,,0,2024-09-14,Online,Delhi,1820.38
3079,Women,Running,"React Infinity",L,NULL,,,0,2024-01-10,Retail,Bangalore,2815.43
3080,Kids,Running,"Air Zoom",L,4.0,3317.71,,0,NULL,Online,Hyderabad,-198
3081,Kids,Training,"Flex Trainer",6,NULL,8442.39,,0,2025-02-10,Retail,Mumbai,3126.66
3083,Kids,Training,"ZoomX Invincible",XL,NULL,8535.31,,0,2024-08-29,Retail,Delhi,1159.57
3084,Women,Lifestyle,"Blazer Mid",L,NULL,8955.52,,0,NULL,Retail,Pune,491.85
3085,Men,Soccer,"Phantom GT",L,NULL,,1.16,0,NULL,Online,Delhi,2484.31
3087,Kids,Lifestyle,"Waffle One",M,3.0,2765.77,,0,2025-01-08,Retail,Bangalore,2785.94
3088,Kids,Training,"ZoomX Invincible",XL,3.0,,,0,NULL,Online,Delhi,2418.74
3089,Women,Basketball,"Zoom Freak",XL,NULL,8399.35,,0,2025-05-31,Online,Mumbai,2967.22
3090,Women,Basketball,"LeBron 20",,NULL,8187.65,1.01,0,2023-12-11,Retail,Pune,196.88
3091,Women,Basketball,"Air Jordan",,1.0,8666.84,0.3,6066.79,2025-02-13,Online,Hyderabad,204.77
3092,Kids,Training,"Metcon 7",L,NULL,3005.37,,0,2025-03-09,Retail,Kolkata,-288.77
3093,Women,Soccer,"Tiempo Legend",10,3.0,,,0,2025-06-29,Retail,Kolkata,28.77
3094,Men,Basketball,"Zoom Freak",,NULL,4731.54,,0,2024-07-11,Online,Delhi,3485.33
3095,Men,Running,"Free RN",L,NULL,9297.64,0.16,0,2025-02-16,Retail,Delhi,36.7
3096,Men,Training,"ZoomX Invincible",,4.0,,0.9,0,2025-03-05,Online,Hyderabad,20.31
